AreaName,Year,Pop-0-14,Pop>65,Density,Population,Female,Male,SexRatio,SurfaceArea
Afghanistan,2010,48.2,3.9,44.7,29.19,14.25,14.94,104.8,NA
Afghanistan,2015,44.9,4,52.7,34.41,16.73,17.69,105.7,653
Afghanistan,2019,42.5,4.2,58.3,38.04,18.51,19.53,105.5,653
Afghanistan,2021,41.2,4.3,61,39.839999999999996,19.4,20.439999999999998,105.3,NA
Africa,2010,41.5,5.1,35.1,1039.3,521.05,518.25,99.5,NA
Africa,2015,41.1,5.3,39.9,1182.44,592.16,590.2800000000001,99.7,30311
Africa,2019,40.6,5.5,44.1,1308.06,654.55,653.51,99.8,29648
Africa,2021,40.1,5.6,46.3,1373.49,687.07,686.42,99.9,NA
Albania,2010,22.5,15,107.6,2.9499999999999997,1.46,1.49,101.5,NA
Albania,2015,18.7,17.9,105.5,2.8899999999999997,1.42,1.47,103.7,29
Albania,2019,17.4,20.5,105.1,2.88,1.41,1.47,103.7,29
Albania,2021,17.1,21.9,104.9,2.8699999999999997,1.41,1.46,103.6,NA
Algeria,2010,27.3,7.8,15.1,35.98,17.82,18.16,101.9,NA
Algeria,2015,28.7,8.9,16.7,39.730000000000004,19.66,20.06,102,2382
Algeria,2019,30.6,9.7,18.1,43.05,21.3,21.75,102.1,2382
Algeria,2021,30.9,10.1,18.7,44.620000000000005,22.08,22.54,102.1,NA
American Samoa,2010,NA,NA,280.4,0.06,NA,NA,NA,NA
American Samoa,2015,NA,NA,279,0.06,NA,NA,NA,0
American Samoa,2019,NA,NA,276.6,0.06,NA,NA,NA,0
American Samoa,2021,NA,NA,275.5,0.06,NA,NA,NA,NA
Americas,2010,24.8,13.1,24.1,934.64,473.61,461.03,97.3,NA
Americas,2015,23.2,14.8,25.3,980.97,497.19,483.78,97.3,42322
Americas,2019,22.1,16.2,26.2,1014.72,514.47,500.26,97.2,38791
Americas,2021,21.6,17,26.6,1030.85,522.73,508.12,97.2,NA
Andorra,2010,NA,NA,179.7,0.08,NA,NA,NA,NA
Andorra,2015,NA,NA,165.9,0.08,NA,NA,NA,0
Andorra,2019,NA,NA,164.1,0.08,NA,NA,NA,0
Andorra,2021,NA,NA,164.6,0.08,NA,NA,NA,NA
Angola,2010,47,3.8,18.7,23.36,11.81,11.55,97.8,NA
Angola,2015,47.1,3.6,22.4,27.88,14.09,13.79,97.9,1247
Angola,2019,46.6,3.6,25.5,31.830000000000002,16.08,15.739999999999998,97.9,1247
Angola,2021,46.2,3.7,27.2,33.93,17.14,16.79,97.9,NA
Anguilla,2010,NA,NA,149.3,0.01,NA,NA,NA,NA
Anguilla,2015,NA,NA,158.7,0.01,NA,NA,NA,0
Anguilla,2019,NA,NA,165.2,0.01,NA,NA,NA,0
Anguilla,2021,NA,NA,168.1,0.02,NA,NA,NA,NA
Antigua and Barbuda,2010,24.3,10.7,200.1,0.09,0.05,0.04,91.7,NA
Antigua and Barbuda,2015,22.6,12.1,212.7,0.09,0.05,0.05,92.8,0
Antigua and Barbuda,2019,22,13.6,220.7,0.1,0.05,0.05,93.2,0
Antigua and Barbuda,2021,21.7,14.6,224.4,0.1,0.05,0.05,93.4,NA
Argentina,2010,26,14.2,14.9,40.9,21,19.9,94.8,NA
Argentina,2015,25.2,14.9,15.7,43.08,22.09,20.99,95,2780
Argentina,2019,24.6,15.4,16.4,44.78,22.939999999999998,21.84,95.2,2796
Argentina,2021,24.3,15.7,16.7,45.61,23.35,22.25,95.3,NA
Armenia,2010,19.5,14.8,101.1,2.88,1.53,1.35,87.9,NA
Armenia,2015,20.1,15.8,102.8,2.9299999999999997,1.55,1.3800000000000001,88.7,30
Armenia,2019,20.8,17.9,103.9,2.96,1.57,1.3900000000000001,88.8,30
Armenia,2021,20.8,19,104.3,2.9699999999999998,1.57,1.4,88.8,NA
Aruba,2010,20.9,15.5,564.8,0.1,0.05,0.05,91.1,NA
Aruba,2015,18.7,18.4,579.7,0.1,0.05,0.05,90.6,0
Aruba,2019,17.6,21.1,590.6,0.11,0.06,0.05,90.3,0
Aruba,2021,17.3,22.6,595.5,0.11,0.06,0.05,90.2,NA
Asia,2010,25.9,10,135.6,4209.59,2054.2799999999997,2155.3100000000004,104.9,NA
Asia,2015,24.6,11.5,142.9,4433.48,2164.9700000000003,2268.5,104.8,31915
Asia,2019,23.7,12.7,148.3,4601.37,2247.9100000000003,2353.4700000000003,104.7,31033
Asia,2021,23.3,13.4,150.8,4679.660000000001,2286.8300000000004,2392.84,104.6,NA
Australia,2010,19,18.8,2.9,22.150000000000002,11.08,11.08,100,NA
Australia,2015,18.9,20.2,3.1,23.93,12.01,11.93,99.3,7692
Australia,2019,19.3,21.4,3.3,25.2,12.65,12.55,99.2,7692
Australia,2021,19.3,22.1,3.4,25.79,12.950000000000001,12.84,99.2,NA
Australia and New Zealand,2010,19.3,18.8,3.3,26.52,13.3,13.229999999999999,99.4,NA
Australia and New Zealand,2015,19.1,20.2,3.6,28.55,14.350000000000001,14.19,98.9,8012
Australia and New Zealand,2019,19.3,21.5,3.8,29.99,15.08,14.9,98.8,7946
Australia and New Zealand,2021,19.3,22.2,3.9,30.650000000000002,15.42,15.229999999999999,98.8,NA
Austria,2010,14.7,23.3,102.1,8.41,4.31,4.1,95.1,NA
Austria,2015,14.1,24.3,105.3,8.68,4.430000000000001,4.25,95.9,84
Austria,2019,14.4,25.3,108.7,8.96,4.55,4.41,97,84
Austria,2021,14.5,26.2,109.7,9.04,4.58,4.46,97.4,NA
Azerbaijan,2010,22.8,8.1,109.3,9.03,4.56,4.48,98.2,NA
Azerbaijan,2015,22.9,9.3,116.4,9.62,4.83,4.79,99.1,87
Azerbaijan,2019,23.4,11.1,121.6,10.05,5.03,5.02,99.7,87
Azerbaijan,2021,23.4,12.3,123.7,10.219999999999999,5.109999999999999,5.109999999999999,99.9,NA
Bahamas,2010,26.9,9,35.5,0.35,0.18,0.17,94,NA
Bahamas,2015,24,10.2,37.4,0.37,0.19,0.18,94.3,14
Bahamas,2019,22.1,11.7,38.9,0.39,0.2,0.19,94.5,14
Bahamas,2021,21.3,12.7,39.7,0.4,0.2,0.19,94.6,NA
Bahrain,2010,20.3,3.5,1632.7,1.24,0.47000000000000003,0.77,165.8,NA
Bahrain,2015,20.8,4.1,1805.1,1.37,0.53,0.8500000000000001,161.3,1
Bahrain,2019,18.7,5.1,2159.4,1.6400000000000001,0.59,1.05,179.9,1
Bahrain,2021,18,5.7,2300.4,1.75,0.61,1.1300000000000001,184.5,NA
Bangladesh,2010,32,7,1133.7,147.58,72.56,75.02,103.4,NA
Bangladesh,2015,29.3,7.2,1200.4,156.26,77.04,79.22,102.8,148
Bangladesh,2019,27.2,7.7,1252.6,163.05,80.57,82.47,102.4,148
Bangladesh,2021,26.3,8.2,1277.6,166.3,82.27,84.03,102.1,NA
Barbados,2010,19.7,18.1,656.1,0.28,0.15000000000000002,0.14,92.3,NA
Barbados,2015,18.3,20.3,663.6,0.29000000000000004,0.15000000000000002,0.14,93.1,0
Barbados,2019,17.1,22.5,667.5,0.29000000000000004,0.15000000000000002,0.14,93.7,0
Barbados,2021,16.6,23.7,669.1,0.29000000000000004,0.15000000000000002,0.14,93.9,NA
Belarus,2010,14.9,19.1,46.4,9.42,5.04,4.38,86.9,NA
Belarus,2015,16.3,20.4,46.5,9.44,5.05,4.39,87,208
Belarus,2019,17,22.2,46.6,9.450000000000001,5.05,4.4,87.1,208
Belarus,2021,17.3,23.2,46.5,9.44,5.05,4.4,87.2,NA
Belgium,2010,16.9,23.2,361.3,10.94,5.57,5.37,96.5,NA
Belgium,2015,17,24,372.8,11.29,5.74,5.55,96.7,31
Belgium,2019,17.1,25.3,381.1,11.54,5.83,5.71,98,31
Belgium,2021,17,26,384.2,11.629999999999999,5.859999999999999,5.7700000000000005,98.4,NA
Belize,2010,35.6,6,14.1,0.32,0.16,0.16,100.1,NA
Belize,2015,32.1,6.6,15.8,0.36,0.18,0.18,99.6,23
Belize,2019,29.7,7.4,17.1,0.39,0.2,0.19,99.1,23
Belize,2021,28.8,7.9,17.8,0.4,0.2,0.2,98.8,NA
Benin,2010,43.8,4.9,81.6,9.2,4.63,4.57,98.7,NA
Benin,2015,43,5,93.8,10.58,5.31,5.2700000000000005,99.3,115
Benin,2019,42.2,5,104.7,11.8,5.91,5.89,99.7,115
Benin,2021,41.7,5.1,110.4,12.450000000000001,6.23,6.22,99.8,NA
Bermuda,2010,NA,NA,1307.8,0.07,NA,NA,NA,NA
Bermuda,2015,NA,NA,1273.9,0.06,NA,NA,NA,0
Bermuda,2019,NA,NA,1250.2,0.06,NA,NA,NA,0
Bermuda,2021,NA,NA,1241.8,0.06,NA,NA,NA,NA
Bhutan,2010,31.2,7.5,18,0.69,0.32999999999999996,0.36,110.7,NA
Bhutan,2015,27.4,8.1,19.1,0.73,0.33999999999999997,0.38,111.7,38
Bhutan,2019,25.3,8.8,20,0.76,0.36,0.41000000000000003,113.1,38
Bhutan,2021,24.6,9.1,20.5,0.7799999999999999,0.36,0.42000000000000004,113.7,NA
Bolivia (Plurin. State of),2010,34.5,8.8,9.3,10.05,4.99,5.06,101.3,NA
Bolivia (Plurin. State of),2015,32.4,9.5,10,10.870000000000001,5.41,5.46,101.1,1099
Bolivia (Plurin. State of),2019,30.6,10.2,10.6,11.51,5.73,5.78,100.8,1099
Bolivia (Plurin. State of),2021,29.8,10.5,10.9,11.83,5.9,5.94,100.7,NA
"Bonaire, St. Eustatius & Saba",2010,NA,NA,63.8,0.02,NA,NA,NA,NA
"Bonaire, St. Eustatius & Saba",2015,NA,NA,74.9,0.02,NA,NA,NA,NA
"Bonaire, St. Eustatius & Saba",2021,NA,NA,80.6,0.03,NA,NA,NA,NA
Bosnia and Herzegovina,2010,15.7,19.3,72.7,3.71,1.8900000000000001,1.82,96.5,NA
Bosnia and Herzegovina,2015,15.2,21.5,67.2,3.4299999999999997,1.75,1.6800000000000002,96.2,51
Bosnia and Herzegovina,2019,14.7,24.5,64.7,3.3,1.6800000000000002,1.62,96,51
Bosnia and Herzegovina,2021,14.3,26,64,3.2600000000000002,1.6700000000000002,1.6,95.9,NA
Botswana,2010,35,5.3,3.5,1.99,1.02,0.97,95.7,NA
Botswana,2015,34.9,6.2,3.7,2.12,1.1,1.02,92.9,582
Botswana,2019,33.8,6.9,4.1,2.3,1.1900000000000002,1.11,93.7,582
Botswana,2021,33,7.2,4.2,2.4,1.23,1.1600000000000001,94.2,NA
Brazil,2010,24.8,10.2,23.4,195.70999999999998,99.17999999999999,96.54,97.3,NA
Brazil,2015,22.4,12,24.5,204.47,103.81,100.66,97,8516
Brazil,2019,21,13.6,25.3,211.05,107.32,103.73,96.7,8516
Brazil,2021,20.5,14.5,25.6,213.99,108.89,105.1,96.5,NA
British Virgin Islands,2010,NA,NA,185.3,0.03,NA,NA,NA,NA
British Virgin Islands,2015,NA,NA,194.3,0.03,NA,NA,NA,0
British Virgin Islands,2019,NA,NA,200.2,0.03,NA,NA,NA,0
British Virgin Islands,2021,NA,NA,202.8,0.03,NA,NA,NA,NA
Brunei Darussalam,2010,26,5.4,73.7,0.39,0.19,0.2,106.8,NA
Brunei Darussalam,2015,24.1,7,78.7,0.41000000000000003,0.2,0.22,108.4,6
Brunei Darussalam,2019,22.6,9,82.2,0.43000000000000005,0.21000000000000002,0.23,108,6
Brunei Darussalam,2021,21.9,10,83.8,0.44,0.21000000000000002,0.23,107.7,NA
Bulgaria,2010,13.5,25.3,68.4,7.430000000000001,3.8099999999999996,3.62,94.9,NA
Bulgaria,2015,14.3,27,66.3,7.2,3.7,3.5,94.7,111
Bulgaria,2019,14.7,28,64.5,7,3.6,3.4,94.4,110
Bulgaria,2021,14.7,28.4,63.5,6.9,3.55,3.3499999999999996,94.4,NA
Burkina Faso,2010,46.2,3.9,57,15.61,7.87,7.74,98.3,NA
Burkina Faso,2015,45.6,3.8,66.2,18.110000000000003,9.09,9.02,99.2,273
Burkina Faso,2019,44.7,3.9,74.3,20.32,10.17,10.15,99.7,273
Burkina Faso,2021,44.1,4,78.6,21.5,10.75,10.75,100,NA
Burundi,2010,45.1,3.3,337.8,8.68,4.39,4.29,97.7,NA
Burundi,2015,45.5,3.7,395.6,10.16,5.13,5.03,98.1,28
Burundi,2019,45.4,4,449,11.53,5.81,5.72,98.4,28
Burundi,2021,45.1,4.1,477.2,12.26,6.17,6.08,98.5,NA
Cabo Verde,2010,32.3,6.5,122.2,0.49,0.25,0.25,99.8,NA
Cabo Verde,2015,29.9,6.8,130.2,0.52,0.26,0.26,100.5,4
Cabo Verde,2019,28.4,7.3,136.5,0.55,0.27,0.28,100.8,4
Cabo Verde,2021,27.7,7.9,139.4,0.56,0.28,0.28,100.8,NA
Cambodia,2010,33.3,5.9,81.1,14.31,7.34,6.970000000000001,95,NA
Cambodia,2015,31.6,6.8,87.9,15.52,7.95,7.57,95.2,181
Cambodia,2019,31.1,7.4,93.4,16.49,8.44,8.05,95.4,181
Cambodia,2021,30.7,7.8,96,16.95,8.67,8.28,95.4,NA
Cameroon,2010,43.7,4.4,43,20.34,10.19,10.15,99.7,NA
Cameroon,2015,43.2,4.3,49.3,23.3,11.66,11.639999999999999,99.9,476
Cameroon,2019,42.4,4.3,54.7,25.88,12.94,12.94,100,476
Cameroon,2021,41.8,4.3,57.6,27.22,13.61,13.62,100.1,NA
Canada,2010,16.5,19.9,3.8,34.15,17.21,16.939999999999998,98.5,NA
Canada,2015,16,22.3,4,36.03,18.16,17.86,98.4,9985
Canada,2019,15.8,24.3,4.1,37.41,18.85,18.56,98.5,9985
Canada,2021,15.8,25.4,4.2,38.07,19.17,18.9,98.6,NA
Caribbean,2010,26.5,12,182.4,41.220000000000006,20.830000000000002,20.39,97.9,NA
Caribbean,2015,25.1,13.3,188.6,42.620000000000005,21.55,21.07,97.8,234
Caribbean,2019,24.2,14.5,191.7,43.339999999999996,21.93,21.4,97.6,226
Caribbean,2021,23.7,15.2,193.6,43.760000000000005,22.16,21.6,97.5,NA
Cayman Islands,2010,NA,NA,236.1,0.06,NA,NA,NA,NA
Cayman Islands,2015,NA,NA,257.2,0.06,NA,NA,NA,0
Cayman Islands,2019,NA,NA,270.6,0.06,NA,NA,NA,0
Cayman Islands,2021,NA,NA,277.1,0.07,NA,NA,NA,NA
Central African Republic,2010,44.1,4.6,7,4.39,2.22,2.17,98,NA
Central African Republic,2015,45.2,4.4,7.2,4.49,2.27,2.23,98.2,623
Central African Republic,2019,43.9,4.5,7.6,4.75,2.3899999999999997,2.3499999999999996,98.3,623
Central African Republic,2021,43,4.5,7.9,4.92,2.48,2.44,98.3,NA
Central America,2010,30.9,8.4,64.3,157.59,80.35,77.24000000000001,96.1,NA
Central America,2015,28.8,9.5,68.9,168.95000000000002,86.16999999999999,82.78,96.1,2480
Central America,2019,27.3,10.4,72.4,177.59,90.56,87.02,96.1,2452
Central America,2021,26.5,11,74.1,181.72,92.66,89.06,96.1,NA
Central Asia,2010,28.7,7,16,62.809999999999995,31.79,31.02,97.6,NA
Central Asia,2015,29.3,7.6,17.4,68.48,34.61,33.87,97.9,4103
Central Asia,2017,29.9,8.1,18,70.86999999999999,35.8,35.07,98,4103
Central Asia,2021,30.5,9.3,19.2,75.43,38.07,37.36,98.1,NA
Chad,2010,48.8,3.9,9.5,11.950000000000001,5.99,5.96,99.5,NA
Chad,2015,47.8,3.9,11.2,14.11,7.07,7.04,99.6,1284
Chad,2019,46.8,3.9,12.7,15.950000000000001,7.99,7.96,99.7,1284
Chad,2021,46.2,3.9,13.4,16.919999999999998,8.47,8.44,99.7,NA
Channel Islands,2010,15.5,21.5,840.6,0.16,0.08,0.08,97.1,NA
Channel Islands,2015,15.5,22.3,870.5,0.17,0.08,0.08,97.7,0
Channel Islands,2017,15.3,22.9,887.7,0.17,0.09,0.08,97.8,0
Channel Islands,2021,14.9,24.5,922.3,0.18,0.09,0.09,98.1,NA
Chile,2010,22.1,13.3,22.9,17.06,8.67,8.4,96.9,NA
Chile,2015,20.6,15.3,24.2,17.97,9.12,8.84,96.9,756
Chile,2019,19.5,16.9,25.5,18.95,9.61,9.34,97.2,756
Chile,2021,19,18,25.8,19.21,9.739999999999998,9.48,97.3,NA
China,2010,18.7,12.2,145.8,1368.81,665.4,703.41,105.7,NA
China,2015,18.1,15,149.9,1406.85,684.3399999999999,722.51,105.6,9600
China,2019,17.8,16.8,152.7,1433.78,698.16,735.62,105.4,9600
China,2021,17.6,17.9,153.8,1444.22,703.69,740.52,105.2,NA
"China, Hong Kong SAR",2010,11.9,18.4,6634.6,6.970000000000001,3.69,3.2800000000000002,88.8,NA
"China, Hong Kong SAR",2015,11.2,21.8,6843.8,7.1899999999999995,3.8499999999999996,3.3299999999999996,86.5,1
"China, Hong Kong SAR",2019,12.3,25.2,7082.1,7.44,4.02,3.42,85.1,1
"China, Hong Kong SAR",2021,13,26.9,7193.1,7.55,4.09,3.46,84.5,NA
"China, Macao SAR",2010,13,10.9,18000.5,0.54,0.28,0.26,92.3,NA
"China, Macao SAR",2015,12.6,14.4,20136.9,0.6,0.31,0.29000000000000004,92.2,0
"China, Macao SAR",2019,14,17.9,21419.6,0.64,0.32999999999999996,0.31,92.5,0
"China, Macao SAR",2021,14.6,19.8,22019.8,0.6599999999999999,0.33999999999999997,0.32,92.6,NA
Colombia,2010,27.3,9.7,40.8,45.220000000000006,23.06,22.16,96.1,NA
Colombia,2015,24.5,11.5,42.8,47.52,24.23,23.29,96.1,1142
Colombia,2019,22.6,12.8,45.4,50.339999999999996,25.630000000000003,24.71,96.4,1142
Colombia,2021,21.9,13.6,46.2,51.27,26.09,25.17,96.5,NA
Comoros,2010,41,4.5,370.6,0.69,0.33999999999999997,0.35,101.6,NA
Comoros,2015,40.1,4.7,417.8,0.7799999999999999,0.39,0.39,101.7,2
Comoros,2019,39.3,5,457.2,0.8500000000000001,0.42000000000000004,0.43000000000000005,101.8,2
Comoros,2021,38.7,5.2,477.4,0.89,0.44,0.45,101.8,NA
Congo,2010,41.6,4,12.5,4.2700000000000005,2.15,2.13,99,NA
Congo,2015,42.2,4.2,14.2,4.859999999999999,2.4299999999999997,2.42,99.6,342
Congo,2019,41.5,4.4,15.8,5.38,2.69,2.69,99.8,342
Congo,2021,41,4.6,16.6,5.659999999999999,2.8299999999999996,2.8299999999999996,99.9,NA
Cook Islands,2010,NA,NA,76.6,0.02,NA,NA,NA,NA
Cook Islands,2015,NA,NA,73.3,0.02,NA,NA,NA,0
Cook Islands,2019,NA,NA,73.1,0.02,NA,NA,NA,0
Cook Islands,2021,NA,NA,73.2,0.02,NA,NA,NA,NA
Costa Rica,2010,24.3,10.8,89.6,4.58,2.2800000000000002,2.29,100.4,NA
Costa Rica,2015,22.1,12.6,94.9,4.85,2.42,2.4299999999999997,100.1,51
Costa Rica,2019,21.1,14.5,98.9,5.05,2.53,2.52,99.9,51
Costa Rica,2021,20.6,15.6,100.6,5.14,2.57,2.57,99.8,NA
Croatia,2010,15.4,23.8,77.3,4.33,2.24,2.08,92.9,NA
Croatia,2015,14.5,26.3,75.6,4.23,2.2,2.04,92.6,57
Croatia,2019,14.6,27.9,73.8,4.13,2.14,1.99,93,57
Croatia,2021,14.5,28.7,72.9,4.08,2.11,1.97,93.2,NA
Cuba,2010,17.7,17.3,105.5,11.229999999999999,5.64,5.58,99,NA
Cuba,2015,16.7,19.4,106.4,11.32,5.7,5.63,98.8,110
Cuba,2019,16,20.7,106.5,11.33,5.71,5.63,98.6,110
Cuba,2021,15.7,22,106.3,11.32,5.7,5.619999999999999,98.6,NA
Curaçao,2010,20.7,18.6,336,0.15000000000000002,0.08,0.07,85,NA
Curaçao,2015,19.8,21.6,360,0.16,0.09,0.07,84.5,0
Curaçao,2019,18.5,23.9,368.1,0.16,0.09,0.08,85,0
Curaçao,2021,17.8,25.2,371.2,0.16,0.09,0.08,85.3,NA
Cyprus,2010,17.8,16.1,120.4,1.11,0.56,0.56,99.7,NA
Cyprus,2015,16.9,17.7,125.6,1.1600000000000001,0.58,0.58,100.3,9
Cyprus,2019,16.7,19.3,129.7,1.2,0.6,0.6,100,9
Cyprus,2021,16.5,20.2,131.6,1.22,0.61,0.61,99.9,NA
Czechia,2010,14.2,22.4,136.4,10.54,5.37,5.17,96.4,NA
Czechia,2015,15.1,24.9,137.3,10.6,5.39,5.21,96.6,79
Czechia,2019,15.7,25.9,138.4,10.69,5.430000000000001,5.26,96.9,79
Czechia,2021,15.8,26.3,138.8,10.719999999999999,5.44,5.28,97.1,NA
Côte d’Ivoire,2010,43.6,4.5,64.6,20.53,10.11,10.43,103.2,NA
Côte d’Ivoire,2015,42.6,4.6,73,23.23,11.48,11.75,102.3,322
Côte d’Ivoire,2019,41.7,4.7,80.9,25.72,12.739999999999998,12.97,101.8,322
Côte d’Ivoire,2021,41.4,4.7,85.1,27.05,13.42,13.629999999999999,101.6,NA
Dem. People's Rep. Korea,2010,22.6,12.9,203.9,24.55,12.55,11.99,95.5,NA
Dem. People's Rep. Korea,2015,20.9,12.7,209.2,25.18,12.870000000000001,12.31,95.7,121
Dem. People's Rep. Korea,2019,20,14.6,213.2,25.67,13.11,12.55,95.7,121
Dem. People's Rep. Korea,2021,19.8,15.4,215,25.89,13.229999999999999,12.66,95.7,NA
Dem. Rep. of the Congo,2010,46.1,4.7,28.5,64.56,32.42,32.14,99.1,NA
Dem. Rep. of the Congo,2015,46.3,4.7,33.6,76.24000000000001,38.220000000000006,38.02,99.5,2345
Dem. Rep. of the Congo,2019,46,4.7,38.3,86.79,43.47,43.32,99.6,2345
Dem. Rep. of the Congo,2021,45.6,4.7,40.7,92.38,46.25,46.120000000000005,99.7,NA
Denmark,2010,17.9,23.3,130.9,5.55,2.8,2.7600000000000002,98.5,NA
Denmark,2015,16.8,24.8,134.1,5.6899999999999995,2.86,2.8299999999999996,98.9,43
Denmark,2019,16.4,25.8,136,5.7700000000000005,2.9,2.8699999999999997,98.9,43
Denmark,2021,16.3,26.4,137,5.81,2.92,2.8899999999999997,98.8,NA
Djibouti,2010,32.6,6.1,36.2,0.8400000000000001,0.39,0.45,113.7,NA
Djibouti,2015,30.6,6.5,39.4,0.91,0.43000000000000005,0.48000000000000004,112.1,23
Djibouti,2019,29.2,7.2,42,0.97,0.46,0.51,110.9,23
Djibouti,2021,28.6,7.6,43.2,1,0.48000000000000004,0.53,110.4,NA
Dominica,2010,NA,NA,94.5,0.07,NA,NA,NA,NA
Dominica,2015,NA,NA,94.9,0.07,NA,NA,NA,1
Dominica,2019,NA,NA,95.7,0.07,NA,NA,NA,1
Dominica,2021,NA,NA,96.2,0.07,NA,NA,NA,NA
Dominican Republic,2010,30.6,8.5,200.6,9.7,4.83,4.87,100.8,NA
Dominican Republic,2015,28.8,9.6,212.8,10.28,5.13,5.1499999999999995,100.3,49
Dominican Republic,2019,27.7,10.8,222.2,10.739999999999998,5.37,5.37,99.9,49
Dominican Republic,2021,27.2,11.4,226.7,10.950000000000001,5.49,5.470000000000001,99.7,NA
Eastern Africa,2010,44.9,4.3,50.9,339.32,171.35000000000002,167.97,98,NA
Eastern Africa,2015,43.6,4.4,58.4,389.67,196.54,193.13,98.3,7005
Eastern Africa,2019,42.2,4.5,65.1,433.9,218.62,215.28,98.5,6667
Eastern Africa,2021,41.4,4.6,68.5,457.05,230.19,226.87,98.6,NA
Eastern Asia,2010,18.2,13.8,138.8,1604.86,785.21,819.65,104.4,NA
Eastern Asia,2015,17.5,16.5,142.3,1645.1799999999998,805.49,839.7,104.2,11799
Eastern Asia,2019,17.2,18.4,144.7,1672.61,819.69,852.92,104.1,11560
Eastern Asia,2021,17,19.4,145.6,1682.85,825.2,857.65,103.9,NA
Eastern Europe,2010,14.9,19.3,16.3,294.87,156.26,138.60999999999999,88.7,NA
Eastern Europe,2015,16,21.4,16.3,294.39,155.96,138.44,88.8,18814
Eastern Europe,2019,16.9,23.3,16.3,293.44,155.42000000000002,138.02,88.8,18053
Eastern Europe,2021,17,24.1,16.2,292.48999999999995,154.89000000000001,137.59,88.8,NA
Ecuador,2010,31,8.6,60.4,15.01,7.49,7.52,100.4,NA
Ecuador,2015,29.1,9.8,65.3,16.21,8.1,8.12,100.2,257
Ecuador,2019,27.7,10.7,70,17.37,8.68,8.69,100.1,257
Ecuador,2021,27.2,11.3,72,17.89,8.94,8.950000000000001,100,NA
Egypt,2010,32.6,7.6,83.1,82.76,40.96,41.809999999999995,102.1,NA
Egypt,2015,33.3,7.7,92.9,92.44000000000001,45.720000000000006,46.720000000000006,102.2,1002
Egypt,2019,33.8,8.1,100.8,100.39,49.67,50.720000000000006,102.1,1002
Egypt,2021,33.8,8.4,104.7,104.26,51.59,52.67,102.1,NA
El Salvador,2010,31.6,9.9,298.4,6.18,3.2600000000000002,2.9299999999999997,89.8,NA
El Salvador,2015,28.4,11,305.3,6.33,3.3499999999999996,2.9699999999999998,88.8,21
El Salvador,2019,26.9,11.8,311.5,6.45,3.4299999999999997,3.02,88.1,21
El Salvador,2021,26.3,12.3,314.6,6.52,3.4699999999999998,3.05,87.9,NA
Equatorial Guinea,2010,38.5,4.4,33.6,0.9400000000000001,0.43000000000000005,0.51,119.3,NA
Equatorial Guinea,2015,37.5,4.1,41.7,1.1700000000000002,0.52,0.65,123.6,28
Equatorial Guinea,2019,37,3.9,48.3,1.36,0.6,0.75,125.2,28
Equatorial Guinea,2021,36.8,3.7,51.7,1.45,0.64,0.81,125.4,NA
Eritrea,2010,39.5,6.2,31.4,3.17,1.59,1.58,99.9,NA
Eritrea,2015,42.3,6.5,33.1,3.34,1.6700000000000002,1.6700000000000002,100.4,118
Eritrea,2019,41.6,6.4,34.6,3.5,1.74,1.75,100.5,121
Eritrea,2021,40.7,6.4,35.7,3.6,1.8,1.81,100.5,NA
Estonia,2010,15.1,23.2,31.4,1.33,0.71,0.62,87.2,NA
Estonia,2015,16.1,25.1,31,1.32,0.7,0.62,87.9,45
Estonia,2019,16.5,26.5,31.3,1.33,0.7,0.63,89.6,45
Estonia,2021,16.5,27.2,31.3,1.33,0.7,0.63,90.3,NA
Eswatini,2010,40.2,5.6,61.9,1.06,0.56,0.5,89.3,NA
Eswatini,2015,39.1,5.7,64.2,1.1,0.5700000000000001,0.53,93.1,17
Eswatini,2019,37.8,5.7,66.8,1.1500000000000001,0.59,0.56,96.1,17
Eswatini,2021,37,5.7,68.2,1.1700000000000002,0.6,0.58,97,NA
Ethiopia,2010,44.9,5.1,87.6,87.64,43.91,43.730000000000004,99.6,NA
Ethiopia,2015,42.2,5.2,100.8,100.84,50.43,50.41,100,1104
Ethiopia,2019,40.3,5.3,112.1,112.08,56.01,56.07,100.1,1104
Ethiopia,2021,39.6,5.3,117.9,117.88,58.9,58.98,100.1,NA
Europe,2010,15.5,22,33.3,736.41,381.8,354.62,92.9,NA
Europe,2015,15.8,23.8,33.6,743.06,384.88,358.18,93.1,23049
Europe,2019,16.1,25.3,33.8,747.1800000000001,386.46999999999997,360.71,93.3,22135
Europe,2021,16,26.1,33.8,747.75,386.51,361.22999999999996,93.5,NA
Falkland Islands (Malvinas),2010,NA,NA,0.2,0,NA,NA,NA,NA
Falkland Islands (Malvinas),2015,NA,NA,0.2,0,NA,NA,NA,12
Falkland Islands (Malvinas),2019,NA,NA,0.3,0,NA,NA,NA,12
Falkland Islands (Malvinas),2021,NA,NA,0.3,0,NA,NA,NA,NA
Faroe Islands,2010,NA,NA,34.2,0.05,NA,NA,NA,NA
Faroe Islands,2015,NA,NA,34.4,0.05,NA,NA,NA,1
Faroe Islands,2019,NA,NA,34.9,0.05,NA,NA,NA,1
Faroe Islands,2021,NA,NA,35.1,0.05,NA,NA,NA,NA
Fiji,2010,29,7.9,47.1,0.8600000000000001,0.42000000000000004,0.44,104.3,NA
Fiji,2015,29.8,8.1,47.5,0.8700000000000001,0.43000000000000005,0.44,103.3,18
Fiji,2019,29.3,9.3,48.7,0.89,0.44,0.45,102.7,18
Fiji,2021,28.9,10,49.4,0.9,0.45,0.46,102.5,NA
Finland,2010,16.5,24.8,17.7,5.37,2.73,2.63,96.4,NA
Finland,2015,16.4,27,18,5.48,2.7800000000000002,2.7,96.9,338
Finland,2019,16,28.6,18.2,5.53,2.8,2.73,97.2,337
Finland,2021,15.6,29.4,18.3,5.55,2.8099999999999996,2.74,97.4,NA
France,2010,18.5,23.1,114.8,62.879999999999995,32.42,30.459999999999997,93.9,NA
France,2015,18.4,25,117.7,64.45,33.220000000000006,31.23,94,552
France,2019,17.8,26.5,118.9,65.13,33.61,31.52,93.8,552
France,2021,17.5,27.2,119.5,65.43,33.760000000000005,31.66,93.8,NA
French Guiana,2010,34.9,6.6,2.8,0.23,0.12000000000000001,0.12000000000000001,99.9,NA
French Guiana,2015,33.5,7.3,3.2,0.26,0.13,0.13,97.5,84
French Guiana,2019,32.1,8.6,3.5,0.29000000000000004,0.15000000000000002,0.14,97.8,84
French Guiana,2021,31.7,9.1,3.7,0.31,0.15000000000000002,0.15000000000000002,98,NA
French Polynesia,2010,25.5,9.3,72.8,0.27,0.13,0.14,104.9,NA
French Polynesia,2015,23.6,11.4,74.6,0.27,0.13,0.14,103.1,4
French Polynesia,2019,22.6,13.1,76.3,0.28,0.14,0.14,102.7,4
French Polynesia,2021,22,14.1,77.2,0.28,0.14,0.14,102.5,NA
Gabon,2010,37.4,6,6.3,1.62,0.8,0.8200000000000001,102.4,NA
Gabon,2015,36.3,5.4,7.6,1.95,0.96,0.99,103.8,268
Gabon,2019,37.2,5.3,8.4,2.17,1.07,1.11,103.7,268
Gabon,2021,37.4,5.4,8.8,2.2800000000000002,1.12,1.1600000000000001,103.6,NA
Gambia,2010,45.1,4.3,177.2,1.79,0.9,0.89,98.5,NA
Gambia,2015,44.5,4.1,206.1,2.09,1.05,1.03,98.4,11
Gambia,2019,44.1,3.9,232,2.3499999999999996,1.1800000000000002,1.1600000000000001,98.4,11
Gambia,2021,43.8,4,245.7,2.4899999999999998,1.25,1.23,98.4,NA
Georgia,2010,18,18.9,59,4.1,2.15,1.95,91,NA
Georgia,2015,19,20.1,57.9,4.02,2.1,1.92,91.4,70
Georgia,2019,20,21.2,57.5,4,2.09,1.91,91.1,70
Georgia,2021,20.3,21.9,57.3,3.98,2.08,1.9,91,NA
Germany,2010,13.6,26.1,231.9,80.83,41.21,39.620000000000005,96.1,NA
Germany,2015,13.2,27.5,234.6,81.79,41.56,40.220000000000006,96.8,357
Germany,2019,13.8,28.3,239.6,83.52,42.27,41.25,97.6,358
Germany,2021,14,29.1,240.7,83.9,42.4,41.5,97.9,NA
Ghana,2010,39.3,4.6,108.9,24.779999999999998,12.25,12.53,102.3,NA
Ghana,2015,38.2,4.8,122.4,27.85,13.739999999999998,14.1,102.6,239
Ghana,2019,37.4,5.2,133.7,30.419999999999998,15,15.42,102.8,239
Ghana,2021,36.9,5.4,139.5,31.73,15.65,16.09,102.8,NA
Gibraltar,2010,NA,NA,3358.5,0.03,NA,NA,NA,NA
Gibraltar,2015,NA,NA,3374.2,0.03,NA,NA,NA,0
Gibraltar,2019,NA,NA,3370.6,0.03,NA,NA,NA,0
Gibraltar,2021,NA,NA,3369.1,0.03,NA,NA,NA,NA
Greece,2010,15.1,24.8,84.5,10.89,5.54,5.35,96.6,NA
Greece,2015,14.6,26.5,82.7,10.66,5.430000000000001,5.23,96.4,132
Greece,2019,13.9,28.3,81.3,10.47,5.33,5.14,96.4,132
Greece,2021,13.4,29.2,80.5,10.370000000000001,5.28,5.09,96.4,NA
Greenland,2010,NA,NA,0.1,0.06,NA,NA,NA,NA
Greenland,2015,NA,NA,0.1,0.06,NA,NA,NA,2166
Greenland,2019,NA,NA,0.1,0.06,NA,NA,NA,2166
Greenland,2021,NA,NA,0.1,0.06,NA,NA,NA,NA
Grenada,2010,24,13.3,312.4,0.11,0.05,0.05,102.1,NA
Grenada,2015,23.2,13.5,322.4,0.11,0.05,0.06,101.8,0
Grenada,2019,23.7,14.6,329.4,0.11,0.06,0.06,101.5,0
Grenada,2021,23.8,15.2,332.4,0.11,0.06,0.06,101.4,NA
Guadeloupe,2010,22.5,19.1,249.4,0.41000000000000003,0.22,0.19,86.7,NA
Guadeloupe,2015,20.4,22.7,245.9,0.4,0.21000000000000002,0.19,86.3,2
Guadeloupe,2019,18.8,25.4,245.7,0.4,0.22,0.18,85.8,2
Guadeloupe,2021,18.2,26.8,245.7,0.4,0.22,0.18,85.5,NA
Guam,2010,27.5,11.1,295.3,0.16,0.08,0.08,103.3,NA
Guam,2015,25.5,13.1,299.7,0.16,0.08,0.08,102.5,1
Guam,2019,24.1,14.7,309.8,0.17,0.08,0.08,101.9,1
Guam,2021,23.6,15.7,315.2,0.17,0.08,0.09,101.7,NA
Guatemala,2010,39.4,6.1,136.5,14.629999999999999,7.44,7.1899999999999995,96.5,NA
Guatemala,2015,36.2,6.7,151.7,16.25,8.26,8,96.8,109
Guatemala,2019,33.9,7.1,164.1,17.58,8.92,8.66,97.1,109
Guatemala,2021,32.9,7.3,170.3,18.25,9.26,8.99,97.2,NA
Guinea,2010,46.2,4.6,41.5,10.19,5.33,4.859999999999999,91.1,NA
Guinea,2015,45,4.7,46.5,11.43,5.96,5.48,91.9,246
Guinea,2019,43.4,4.7,52,12.77,6.609999999999999,6.17,93.4,246
Guinea,2021,42.7,4.7,54.9,13.5,6.96,6.54,94,NA
Guinea-Bissau,2010,43.1,4.3,54.1,1.52,0.7799999999999999,0.74,94.1,NA
Guinea-Bissau,2015,42.7,4.5,61.8,1.74,0.89,0.8500000000000001,94.9,36
Guinea-Bissau,2019,42.2,4.6,68.3,1.92,0.98,0.9400000000000001,95.6,36
Guinea-Bissau,2021,41.7,4.6,71.7,2.02,1.03,0.99,95.9,NA
Guyana,2010,32.2,7.3,3.8,0.75,0.38,0.37,98.5,NA
Guyana,2015,29.3,8.8,3.9,0.77,0.38,0.38,100,215
Guyana,2019,27.9,10.4,4,0.7799999999999999,0.39,0.39,101,215
Guyana,2021,27.5,11.3,4,0.7899999999999999,0.39,0.4,101.3,NA
Haiti,2010,36.3,6.5,361,9.950000000000001,5.04,4.91,97.3,NA
Haiti,2015,34.4,7.1,388.1,10.7,5.42,5.28,97.5,28
Haiti,2019,32.9,7.6,408.7,11.26,5.71,5.56,97.4,28
Haiti,2021,32.1,7.9,418.8,11.54,5.85,5.7,97.4,NA
Holy See,2010,NA,NA,1779.5,0,NA,NA,NA,NA
Holy See,2015,NA,NA,1795.5,0,NA,NA,NA,0
Holy See,2019,NA,NA,1852.3,0,NA,NA,NA,0
Holy See,2021,NA,NA,1845.5,0,NA,NA,NA,NA
Honduras,2010,37.6,5.8,74.3,8.32,4.17,4.1499999999999995,99.5,NA
Honduras,2015,33.7,6.5,81.4,9.11,4.56,4.55,99.7,112
Honduras,2019,31.2,7.2,87.1,9.75,4.88,4.87,99.8,112
Honduras,2021,30.1,7.6,89.9,10.06,5.03,5.03,99.9,NA
Hungary,2010,14.9,22.1,109.7,9.93,5.22,4.71,90.3,NA
Hungary,2015,14.4,25,108,9.78,5.13,4.6499999999999995,90.6,93
Hungary,2019,14.4,26.6,107,9.68,5.08,4.609999999999999,90.8,93
Hungary,2021,14.5,26.9,106.4,9.629999999999999,5.05,4.59,90.9,NA
Iceland,2010,20.8,16.9,3.2,0.32,0.16,0.16,101.5,NA
Iceland,2015,20.3,19.1,3.3,0.32999999999999996,0.16,0.17,100.7,103
Iceland,2019,19.6,21.1,3.4,0.33999999999999997,0.17,0.17,100.8,103
Iceland,2021,19.2,22.1,3.4,0.33999999999999997,0.17,0.17,101,NA
India,2010,30.8,7.8,415.1,1234.28,592.12,642.16,108.5,NA
India,2015,28.4,8.9,440.7,1310.1499999999999,628.93,681.22,108.3,3287
India,2019,26.6,9.9,459.6,1366.42,656.2900000000001,710.13,108.2,3287
India,2021,25.8,10.4,468.7,1393.41,669.4399999999999,723.97,108.1,NA
Indonesia,2010,28.8,7.5,133.5,241.83,120.01,121.82,101.5,NA
Indonesia,2015,27.5,8.5,142.6,258.38,128.25,130.13,101.5,1911
Indonesia,2019,26.2,9.7,149.4,270.63,134.36,136.26999999999998,101.4,1911
Indonesia,2021,25.6,10.4,152.6,276.36,137.23,139.13,101.4,NA
Iran (Islamic Republic of),2010,24,7.5,45.3,73.76,36.58,37.18,101.6,NA
Iran (Islamic Republic of),2015,23.9,8.9,48.2,78.49000000000001,38.760000000000005,39.730000000000004,102.5,1629
Iran (Islamic Republic of),2019,24.7,10,50.9,82.91000000000001,41.02,41.89,102.1,1629
Iran (Islamic Republic of),2021,24.8,10.6,52.2,85.03,42.120000000000005,42.91,101.9,NA
Iraq,2010,41.8,4.8,68.5,29.74,14.719999999999999,15.02,102.1,NA
Iraq,2015,39.3,5.1,81.9,35.57,17.59,17.979999999999997,102.2,435
Iraq,2019,38,5.1,90.5,39.309999999999995,19.419999999999998,19.89,102.4,435
Iraq,2021,37.3,5.1,94.8,41.18,20.330000000000002,20.85,102.5,NA
Ireland,2010,20.8,15.9,66.1,4.55,2.29,2.2600000000000002,98.8,NA
Ireland,2015,21.9,17.9,67.5,4.6499999999999995,2.3499999999999996,2.3,98,70
Ireland,2019,21.2,19.3,70.9,4.88,2.46,2.42,98.5,70
Ireland,2021,20.5,20,72.3,4.98,2.51,2.4699999999999998,98.7,NA
Isle of Man,2010,NA,NA,148.9,0.08,NA,NA,NA,NA
Isle of Man,2015,NA,NA,146,0.08,NA,NA,NA,1
Isle of Man,2019,NA,NA,148.4,0.08,NA,NA,NA,1
Isle of Man,2021,NA,NA,149.8,0.09,NA,NA,NA,NA
Israel,2010,27.3,14.9,339.5,7.35,3.72,3.63,97.6,NA
Israel,2015,27.9,15.8,368.7,7.98,4.02,3.96,98.4,22
Israel,2019,27.9,16.3,393.7,8.52,4.28,4.24,99,22
Israel,2021,27.7,16.6,406.2,8.79,4.41,4.38,99.2,NA
Italy,2010,14.1,26.7,201.7,59.33,30.62,28.7,93.7,NA
Italy,2015,13.7,28,206,60.58,31.18,29.39,94.3,302
Italy,2019,13.2,29.4,205.9,60.55,31.09,29.459999999999997,94.8,302
Italy,2021,12.8,30.3,205.2,60.37,30.959999999999997,29.41,95,NA
Jamaica,2010,27,11.4,259.5,2.8099999999999996,1.41,1.4,98.9,NA
Jamaica,2015,24.6,11.9,266.9,2.8899999999999997,1.45,1.44,98.8,11
Jamaica,2019,23.5,13,272.2,2.9499999999999997,1.48,1.46,98.6,11
Jamaica,2021,23.1,13.6,274.6,2.9699999999999998,1.5,1.48,98.5,NA
Japan,2010,13.4,30.3,352.6,128.54,65.66999999999999,62.87,95.7,NA
Japan,2015,13,32.8,351.1,127.99000000000001,65.45,62.54,95.6,NA
Japan,2019,12.6,34,348,126.86,64.91000000000001,61.949999999999996,95.4,378
Japan,2021,12.3,34.6,345.8,126.05,64.52,61.53,95.4,NA
Jordan,2010,37.5,5.4,81.8,7.26,3.56,3.7,104.1,NA
Jordan,2015,36,5.5,104.4,9.27,4.57,4.6899999999999995,102.6,89
Jordan,2019,33.6,5.9,113.8,10.1,4.99,5.109999999999999,102.5,89
Jordan,2021,32.1,6.3,115.7,10.27,5.07,5.2,102.6,NA
Kazakhstan,2010,24.1,9.9,6,16.25,8.4,7.859999999999999,93.6,NA
Kazakhstan,2015,26.7,10.7,6.5,17.57,9.06,8.51,93.9,2725
Kazakhstan,2019,28.9,11.9,6.9,18.55,9.55,9,94.2,2725
Kazakhstan,2021,29.2,12.6,7,19,9.77,9.219999999999999,94.4,NA
Kenya,2010,43.4,3.2,73.8,42.03,21.16,20.87,98.6,NA
Kenya,2015,41.4,3.6,84.1,47.879999999999995,24.1,23.779999999999998,98.7,592
Kenya,2019,39.2,4,92.4,52.57,26.45,26.12,98.8,592
Kenya,2021,38,4.3,96.6,54.99,27.66,27.32,98.8,NA
Kiribati,2010,36.1,5.5,127.1,0.1,0.05,0.05,96.9,NA
Kiribati,2015,35,5.7,136.9,0.11,0.06,0.05,96.6,1
Kiribati,2019,35.8,6.5,145.2,0.12000000000000001,0.06,0.06,96.7,1
Kiribati,2021,35.8,7,149.9,0.12000000000000001,0.06,0.06,96.8,NA
Kuwait,2010,23.2,3.4,167.9,2.9899999999999998,1.26,1.73,137.1,NA
Kuwait,2015,21.2,4.2,215.2,3.84,1.58,2.2600000000000002,142.8,18
Kuwait,2019,21.6,6,236.1,4.21,1.6400000000000001,2.56,155.9,18
Kuwait,2021,21.1,7.1,242.9,4.33,1.6700000000000002,2.65,158.5,NA
Kyrgyzstan,2010,29.9,6.4,28.3,5.42,2.74,2.68,97.7,NA
Kyrgyzstan,2015,31.5,7,31.1,5.96,3.01,2.9499999999999997,97.9,200
Kyrgyzstan,2019,32.5,7.8,33.5,6.42,3.24,3.17,97.9,200
Kyrgyzstan,2021,32.6,8.4,34.6,6.63,3.3499999999999996,3.2800000000000002,97.9,NA
Lao People's Dem. Rep.,2010,36.4,5.6,27.1,6.25,3.15,3.1,98.4,NA
Lao People's Dem. Rep.,2015,33.6,6.1,29.2,6.74,3.36,3.38,100.6,237
Lao People's Dem. Rep.,2019,32.3,6.6,31.1,7.17,3.57,3.6,100.8,237
Lao People's Dem. Rep.,2021,31.6,7,32,7.38,3.68,3.7,100.8,NA
Latin America & the Caribbean,2010,27.7,10,29.4,591.3499999999999,299.94,291.41999999999996,97.2,NA
Latin America & the Caribbean,2015,25.6,11.4,31,623.93,316.8,307.14000000000004,97,20546
Latin America & the Caribbean,2019,24.2,12.6,32.2,648.12,329.32,318.8,96.8,20139
Latin America & the Caribbean,2021,23.6,13.3,32.8,659.74,335.31,324.42999999999995,96.8,NA
Latvia,2010,14.1,23.6,34.1,2.12,1.1500000000000001,0.97,84.5,NA
Latvia,2015,15.1,25.6,32.1,2,1.08,0.92,84.6,65
Latvia,2019,16.3,27.1,30.7,1.91,1.03,0.88,85.3,65
Latvia,2021,16.8,28,30,1.87,1.01,0.8600000000000001,85.6,NA
Lebanon,2010,25.8,9.2,484.2,4.95,2.44,2.52,103.2,NA
Lebanon,2015,27.3,9.6,638.6,6.53,3.24,3.29,101.3,10
Lebanon,2019,25.6,10.8,670.2,6.859999999999999,3.4099999999999997,3.4499999999999997,101.3,10
Lebanon,2021,24.5,11.7,661.7,6.7700000000000005,3.36,3.4099999999999997,101.5,NA
Lesotho,2010,34.9,7,65.7,2,1.03,0.97,94.6,NA
Lesotho,2015,33.4,7.2,67.8,2.06,1.05,1.01,96.6,30
Lesotho,2019,32.5,7.5,70,2.13,1.08,1.05,97.3,30
Lesotho,2021,32.1,7.6,71.1,2.16,1.09,1.07,97.5,NA
Liberia,2010,43,5,40.4,3.8899999999999997,1.94,1.95,100.3,NA
Liberia,2015,42.1,5,46.4,4.470000000000001,2.23,2.24,100.7,111
Liberia,2019,40.8,5.2,51.3,4.94,2.46,2.48,101,111
Liberia,2021,40,5.3,53.8,5.18,2.58,2.61,101.2,NA
Libya,2010,28.8,5.9,3.5,6.2,3.03,3.16,104.3,NA
Libya,2015,28.9,6.3,3.6,6.42,3.17,3.25,102.5,1676
Libya,2019,28.1,6.7,3.9,6.78,3.3499999999999996,3.42,102,1676
Libya,2021,27.4,7.1,4,6.96,3.4499999999999997,3.51,101.9,NA
Liechtenstein,2010,NA,NA,225,0.04,NA,NA,NA,NA
Liechtenstein,2015,NA,NA,234.2,0.04,NA,NA,NA,0
Liechtenstein,2019,NA,NA,237.6,0.04,NA,NA,NA,0
Liechtenstein,2021,NA,NA,239.1,0.04,NA,NA,NA,NA
Lithuania,2010,14.8,22.4,49.8,3.12,1.6900000000000002,1.44,85.3,NA
Lithuania,2015,14.6,24.5,46.8,2.9299999999999997,1.58,1.35,85.4,65
Lithuania,2019,15.1,26.9,44,2.7600000000000002,1.48,1.28,86.1,65
Lithuania,2021,15.6,28.3,42.9,2.69,1.44,1.25,86.2,NA
Luxembourg,2010,17.6,19,196.1,0.51,0.26,0.25,98.7,NA
Luxembourg,2015,16.4,19.1,218.8,0.5700000000000001,0.28,0.28,100.8,3
Luxembourg,2019,15.7,19.7,237.7,0.62,0.3,0.31,102.1,3
Luxembourg,2021,15.6,20.3,245.1,0.63,0.31,0.32,102.4,NA
Madagascar,2010,43.5,4.3,36.4,21.150000000000002,10.62,10.54,99.3,NA
Madagascar,2015,41.6,4.6,41.7,24.23,12.15,12.08,99.4,587
Madagascar,2019,40.4,4.9,46.4,26.97,13.52,13.450000000000001,99.5,587
Madagascar,2021,39.8,5.1,48.9,28.43,14.239999999999998,14.18,99.6,NA
Malawi,2010,46.4,4.2,154.2,14.54,7.39,7.1499999999999995,96.9,NA
Malawi,2015,45.1,4,177.6,16.75,8.5,8.25,97.1,118
Malawi,2019,43.5,4.1,197.6,18.630000000000003,9.44,9.19,97.3,118
Malawi,2021,42.5,4.1,208.4,19.650000000000002,9.96,9.69,97.3,NA
Malaysia,2010,28,7.9,85.9,28.21,13.66,14.55,106.5,NA
Malaysia,2015,25.1,9.3,92.1,30.27,14.69,15.59,106.1,330
Malaysia,2019,23.7,10.6,97.2,31.95,15.53,16.419999999999998,105.8,331
Malaysia,2021,23.3,11.3,99.8,32.78,15.94,16.84,105.6,NA
Maldives,2010,25.3,6.2,1219.1,0.37,0.17,0.2,119,NA
Maldives,2015,21.2,5.8,1516.4,0.45,0.18,0.27,147.8,0
Maldives,2019,19.9,5.8,1769.9,0.53,0.19,0.33999999999999997,172.4,0
Maldives,2021,19.8,6.1,1812.1,0.54,0.2,0.33999999999999997,171.3,NA
Mali,2010,47.5,4.2,12.3,15.05,7.53,7.52,99.8,NA
Mali,2015,47.9,4,14.3,17.439999999999998,8.719999999999999,8.719999999999999,100,1240
Mali,2019,47.3,3.9,16.1,19.66,9.81,9.84,100.3,1240
Mali,2021,46.7,3.8,17.1,20.86,10.4,10.450000000000001,100.5,NA
Malta,2010,15,23,1294.6,0.41000000000000003,0.21000000000000002,0.21000000000000002,98.5,NA
Malta,2015,14.2,25.4,1354.9,0.43000000000000005,0.22,0.22,100.2,0
Malta,2019,14.3,27.6,1376.2,0.44,0.22,0.22,100.5,2
Malta,2021,14.4,28.6,1383.7,0.44,0.22,0.22,100.7,NA
Marshall Islands,2010,NA,NA,313.1,0.06,NA,NA,NA,NA
Marshall Islands,2015,NA,NA,319.1,0.06,NA,NA,NA,0
Marshall Islands,2019,NA,NA,326.6,0.06,NA,NA,NA,0
Marshall Islands,2021,NA,NA,331.2,0.06,NA,NA,NA,NA
Martinique,2010,19.5,20.6,372.3,0.39,0.21000000000000002,0.18,85.8,NA
Martinique,2015,17.3,25.4,357.1,0.38,0.2,0.18,86.1,1
Martinique,2019,16,28.4,354.3,0.38,0.2,0.17,85.4,1
Martinique,2021,15.5,30,353.5,0.37,0.2,0.17,85,NA
Mauritania,2010,41.2,4.8,3.4,3.4899999999999998,1.75,1.75,100,NA
Mauritania,2015,40.5,4.9,3.9,4.05,2.02,2.03,100.4,1031
Mauritania,2019,39.9,5,4.4,4.53,2.25,2.27,100.8,1031
Mauritania,2021,39.5,5.2,4.6,4.78,2.38,2.4,100.9,NA
Mauritius,2010,21.9,12.1,614.8,1.25,0.63,0.62,98.3,NA
Mauritius,2015,19.4,15.4,620.4,1.26,0.64,0.62,98.1,2
Mauritius,2019,17.3,17.8,625.5,1.27,0.64,0.63,97.6,2
Mauritius,2021,16.4,19.1,627.3,1.27,0.65,0.63,97.2,NA
Mayotte,2010,42.9,5.1,556.6,0.21000000000000002,0.11,0.1,95.6,NA
Mayotte,2015,41.7,5.6,640,0.24000000000000002,0.12000000000000001,0.12000000000000001,96.5,NA
Mayotte,2021,38.4,6.2,745.4,0.28,0.14,0.14,96.8,NA
Melanesia,2010,37.2,5.7,17.3,9.19,4.51,4.67,103.6,NA
Melanesia,2015,36.1,5.9,19.1,10.12,4.970000000000001,5.159999999999999,103.9,541
Melanesia,2019,35,6.4,20.6,10.92,5.35,5.57,104,530
Melanesia,2021,34.4,6.6,21.4,11.33,5.55,5.78,104,NA
Mexico,2010,29.5,8.8,58.7,114.09,58.27,55.83,95.8,NA
Mexico,2015,27.6,10,62.7,121.86,62.260000000000005,59.59,95.7,1964
Mexico,2019,26.2,11,65.6,127.58,65.16999999999999,62.4,95.8,1964
Mexico,2021,25.5,11.5,67,130.26,66.54,63.720000000000006,95.8,NA
Micronesia,2010,32.1,7.4,158.9,0.5,0.25,0.26,102.6,NA
Micronesia,2015,30.5,9,165,0.52,0.26,0.26,102.4,3
Micronesia,2019,29.6,10.5,171.4,0.54,0.27,0.27,102.1,3
Micronesia,2021,29.1,11.2,174.9,0.55,0.27,0.28,102,NA
Micronesia (Fed. States of),2010,35.7,5.4,147,0.1,0.05,0.05,103.1,NA
Micronesia (Fed. States of),2015,32.8,6.5,155.6,0.11,0.05,0.06,103.4,1
Micronesia (Fed. States of),2019,31.5,7.6,162.6,0.11,0.06,0.06,103.4,1
Micronesia (Fed. States of),2021,31,8.1,166.1,0.12000000000000001,0.06,0.06,103.4,NA
Middle Africa,2010,45.8,4.4,20.3,131.62,66.09,65.53,99.1,NA
Middle Africa,2015,45.8,4.3,23.7,154.2,77.32,76.88,99.4,6613
Middle Africa,2019,45.3,4.3,26.8,174.31,87.34,86.97,99.6,6497
Middle Africa,2021,44.8,4.4,28.5,184.98000000000002,92.66,92.32,99.6,NA
Monaco,2010,NA,NA,23898.7,0.04,NA,NA,NA,NA
Monaco,2015,NA,NA,25317.4,0.04,NA,NA,NA,0
Monaco,2019,NA,NA,26152.3,0.04,NA,NA,NA,0
Monaco,2021,NA,NA,26523.5,0.04,NA,NA,NA,NA
Mongolia,2010,27,5.6,1.8,2.72,1.37,1.35,98.4,NA
Mongolia,2015,28.9,6.2,1.9,3,1.52,1.48,97.7,1564
Mongolia,2019,30.8,7,2.1,3.23,1.6400000000000001,1.59,97.2,1564
Mongolia,2021,31.2,7.6,2.1,3.3299999999999996,1.6900000000000002,1.6400000000000001,97,NA
Montenegro,2010,19.2,17.9,46.4,0.62,0.32,0.31,97.6,NA
Montenegro,2015,18.5,20.3,46.6,0.63,0.32,0.31,97.7,14
Montenegro,2019,18.2,21.7,46.7,0.63,0.32,0.31,97.8,14
Montenegro,2021,18,22.5,46.7,0.63,0.32,0.31,97.8,NA
Montserrat,2010,NA,NA,49,0,NA,NA,NA,NA
Montserrat,2015,NA,NA,49.7,0.01,NA,NA,NA,0
Montserrat,2019,NA,NA,49.9,0.01,NA,NA,NA,0
Montserrat,2021,NA,NA,49.8,0.01,NA,NA,NA,NA
Morocco,2010,28.5,8.6,72.5,32.339999999999996,16.4,15.950000000000001,97.3,NA
Morocco,2015,27.7,9.9,77.7,34.660000000000004,17.49,17.17,98.2,447
Morocco,2019,27,11.4,81.7,36.47,18.38,18.09,98.4,447
Morocco,2021,26.5,12.3,83.7,37.339999999999996,18.8,18.54,98.6,NA
Mozambique,2010,45.7,4.7,29.9,23.53,12.18,11.350000000000001,93.2,NA
Mozambique,2015,45.4,4.5,34.4,27.04,13.950000000000001,13.09,93.9,799
Mozambique,2019,44.4,4.4,38.6,30.37,15.62,14.75,94.4,799
Mozambique,2021,43.8,4.4,40.9,32.160000000000004,16.52,15.639999999999999,94.6,NA
Myanmar,2010,30,7.3,77.5,50.6,26.2,24.4,93.1,NA
Myanmar,2015,27.8,8.5,80.6,52.68,27.29,25.39,93,677
Myanmar,2019,25.9,9.7,82.7,54.05,28,26.04,93,677
Myanmar,2021,25.1,10.3,83.9,54.809999999999995,28.39,26.41,93,NA
Namibia,2010,37.4,5.8,2.6,2.12,1.09,1.02,93.5,NA
Namibia,2015,36.9,5.6,2.8,2.3099999999999996,1.1900000000000002,1.12,93.8,824
Namibia,2019,36.9,5.6,3,2.4899999999999998,1.29,1.21,94,824
Namibia,2021,36.7,5.7,3.1,2.59,1.33,1.25,94.1,NA
Nauru,2010,NA,NA,500.5,0.01,NA,NA,NA,NA
Nauru,2015,NA,NA,518.7,0.01,NA,NA,NA,0
Nauru,2019,NA,NA,538.2,0.01,NA,NA,NA,0
Nauru,2021,NA,NA,543.7,0.01,NA,NA,NA,NA
Nepal,2010,36.3,7.5,188.4,27.01,13.719999999999999,13.3,96.9,NA
Nepal,2015,33.4,8.3,188.5,27.02,14.62,12.4,84.8,147
Nepal,2019,29.6,8.6,199.6,28.610000000000003,15.56,13.05,83.8,147
Nepal,2021,28.1,8.8,207,29.67,16,13.68,85.5,NA
Netherlands,2010,17.5,22,494.7,16.68,8.4,8.28,98.6,NA
Netherlands,2015,16.8,24.1,502.3,16.939999999999998,8.52,8.42,98.9,42
Netherlands,2019,15.9,26.1,507,17.1,8.58,8.51,99.2,42
Netherlands,2021,15.5,27.1,509.3,17.17,8.61,8.56,99.4,NA
New Caledonia,2010,25.8,11,13.9,0.25,0.13,0.13,101.5,NA
New Caledonia,2015,23.8,12.4,14.8,0.27,0.13,0.14,101.7,19
New Caledonia,2019,22.4,13.8,15.5,0.28,0.14,0.14,101.2,19
New Caledonia,2021,21.7,14.6,15.8,0.29000000000000004,0.14,0.14,100.9,NA
New Zealand,2010,20.5,18.4,16.6,4.37,2.22,2.15,96.5,NA
New Zealand,2015,20,20,17.5,4.609999999999999,2.3499999999999996,2.27,96.7,268
New Zealand,2019,19.6,21.7,18.2,4.78,2.4299999999999997,2.3499999999999996,96.7,268
New Zealand,2021,19.3,22.7,18.5,4.859999999999999,2.4699999999999998,2.3899999999999997,96.6,NA
Nicaragua,2010,33.3,6.3,48.4,5.819999999999999,2.96,2.8699999999999997,97.1,NA
Nicaragua,2015,31.3,7.4,51.7,6.22,3.16,3.07,97.2,130
Nicaragua,2019,29.9,8.4,54.4,6.55,3.32,3.23,97.2,130
Nicaragua,2021,29.1,8.9,55.7,6.7,3.4,3.3,97.2,NA
Niger,2010,50,4.2,13,16.459999999999997,8.239999999999998,8.229999999999999,99.9,NA
Niger,2015,50.2,4.2,15.8,20,9.97,10.03,100.6,1267
Niger,2019,49.8,4.1,18.4,23.310000000000002,11.6,11.709999999999999,101,1267
Niger,2021,49.5,4.1,19.8,25.130000000000003,12.49,12.639999999999999,101.2,NA
Nigeria,2010,44,4.5,174,158.5,78.34,80.16,102.3,NA
Nigeria,2015,44.1,4.5,198.9,181.14,89.42,91.72,102.6,924
Nigeria,2019,43.7,4.5,220.7,200.96,99.13,101.83,102.7,924
Nigeria,2021,43.3,4.5,232.1,211.4,104.25,107.14999999999999,102.8,NA
Niue,2010,NA,NA,6.2,0,NA,NA,NA,NA
Niue,2015,NA,NA,6.2,0,NA,NA,NA,0
Niue,2019,NA,NA,6.2,0,NA,NA,NA,0
Niue,2021,NA,NA,6.2,0,NA,NA,NA,NA
North Macedonia,2010,17.9,16.4,82.1,2.07,1.04,1.03,99.9,NA
North Macedonia,2015,16.8,18.6,82.4,2.08,1.04,1.04,100.1,26
North Macedonia,2019,16.4,20.3,82.6,2.08,1.04,1.04,100.1,26
North Macedonia,2021,16.2,21.1,82.6,2.08,1.04,1.04,100.1,NA
Northern Africa,2010,32.1,7.4,26.1,202.94,101.07,101.86999999999999,100.8,NA
Northern Africa,2015,32.4,8,28.8,223.86,111.42,112.44000000000001,100.9,7880
Northern Africa,2019,32.7,8.6,31.1,241.78,120.3,121.48,101,7769
Northern Africa,2021,32.6,9,32.3,250.64,124.69,125.94000000000001,101,NA
Northern America,2010,19.8,18.5,18.4,343.28999999999996,173.67,169.62,97.7,NA
Northern America,2015,18.9,20.7,19.1,357.03,180.39000000000001,176.64,97.9,21776
Northern America,2019,18.3,22.6,19.7,366.6,185.15,181.45000000000002,98,18652
Northern America,2021,18,23.5,19.9,371.11,187.42000000000002,183.69,98,NA
Northern Europe,2010,17.4,22.6,59,100.4,51.120000000000005,49.28,96.4,NA
Northern Europe,2015,17.5,23.6,60.8,103.52,52.53,50.98,97,1810
Northern Europe,2019,17.6,24.5,62.1,105.77,53.55,52.220000000000006,97.5,1702
Northern Europe,2021,17.5,25.1,62.7,106.71000000000001,53.98,52.74,97.7,NA
Northern Mariana Islands,2010,NA,NA,117.3,0.05,NA,NA,NA,NA
Northern Mariana Islands,2015,NA,NA,121.3,0.06,NA,NA,NA,0
Northern Mariana Islands,2019,NA,NA,124.4,0.06,NA,NA,NA,0
Northern Mariana Islands,2021,NA,NA,125.9,0.06,NA,NA,NA,NA
Norway,2010,18.8,21,13.4,4.89,2.44,2.44,100,NA
Norway,2015,18,21.8,14.2,5.2,2.58,2.62,101.4,386
Norway,2019,17.4,23,14.7,5.38,2.66,2.72,102.1,324
Norway,2021,17.1,23.5,15,5.470000000000001,2.7,2.7600000000000002,102.3,NA
Oceania,2010,24.1,15.2,4.3,36.87,18.38,18.49,100.6,NA
Oceania,2015,23.7,16.2,4.7,39.86,19.9,19.95,100.2,8564
Oceania,2019,23.7,17.2,5,42.13,21.04,21.09,100.2,8486
Oceania,2021,23.6,17.8,5.1,43.220000000000006,21.59,21.630000000000003,100.2,NA
Oman,2010,25.7,3.9,9.8,3.04,1.21,1.83,152,NA
Oman,2015,21.8,3.8,13.8,4.2700000000000005,1.48,2.7800000000000002,187.5,310
Oman,2019,22.4,4.2,16.1,4.98,1.6900000000000002,3.2800000000000002,194.3,310
Oman,2021,22.9,4.5,16.9,5.22,1.78,3.44,193.5,NA
Other non-specified areas,2010,15.9,15.2,654.8,23.19,11.53,11.65,101,NA
Other non-specified areas,2015,13.6,18.8,665.3,23.56,11.79,11.77,99.8,NA
Other non-specified areas,2021,12.6,23.8,673.7,23.86,12.01,11.84,98.6,NA
Pakistan,2010,37.7,6.3,232.8,179.42000000000002,87,92.43,106.2,NA
Pakistan,2015,35.9,6.4,258.7,199.43,96.79,102.64,106,796
Pakistan,2019,35.1,6.6,280.9,216.57,105.11999999999999,111.45,106,796
Pakistan,2021,34.6,6.8,292.1,225.2,109.32,115.88,106,NA
Palau,2010,NA,NA,39,0.02,NA,NA,NA,NA
Palau,2015,NA,NA,38.4,0.02,NA,NA,NA,0
Palau,2019,NA,NA,39.1,0.02,NA,NA,NA,0
Palau,2021,NA,NA,39.5,0.02,NA,NA,NA,NA
Panama,2010,29.1,9.7,49,3.64,1.81,1.83,101,NA
Panama,2015,27.8,10.8,53.4,3.9699999999999998,1.98,1.99,100.6,75
Panama,2019,26.8,11.9,57.1,4.25,2.12,2.13,100.3,75
Panama,2021,26.2,12.6,58.9,4.38,2.19,2.19,100.2,NA
Papua New Guinea,2010,38.3,5.3,16.1,7.31,3.59,3.72,103.6,NA
Papua New Guinea,2015,36.8,5.5,17.9,8.11,3.9699999999999998,4.13,104.1,463
Papua New Guinea,2019,35.5,5.9,19.4,8.78,4.3,4.48,104.3,463
Papua New Guinea,2021,34.8,6.1,20.1,9.12,4.46,4.659999999999999,104.4,NA
Paraguay,2010,32.9,7.8,15.7,6.25,3.07,3.18,103.5,NA
Paraguay,2015,30.4,8.8,16.8,6.6899999999999995,3.29,3.4,103.6,407
Paraguay,2019,29.2,9.7,17.7,7.04,3.46,3.58,103.4,407
Paraguay,2021,28.6,10.1,18.2,7.22,3.55,3.67,103.2,NA
Peru,2010,30.1,8.9,22.7,29.03,14.55,14.47,99.5,NA
Peru,2015,28.1,10.7,23.8,30.47,15.34,15.129999999999999,98.7,1285
Peru,2019,25.3,12.1,25.4,32.51,16.36,16.150000000000002,98.7,1285
Peru,2021,24.7,12.8,26.1,33.36,16.79,16.57,98.7,NA
Philippines,2010,34,6.5,315.1,93.97,46.57,47.4,101.8,NA
Philippines,2015,32.3,7.3,342.5,102.11,50.720000000000006,51.39,101.3,300
Philippines,2019,30.5,8.3,362.6,108.11999999999999,53.8,54.32,101,300
Philippines,2021,29.5,8.9,372.4,111.05,55.309999999999995,55.74,100.8,NA
Poland,2010,15.2,19.4,125.2,38.33,19.8,18.53,93.6,NA
Poland,2015,14.8,22.7,124.2,38.03,19.6,18.43,94.1,313
Poland,2019,15.2,25.4,123.7,37.89,19.53,18.36,94,313
Poland,2021,15.2,26.4,123.4,37.8,19.479999999999997,18.310000000000002,94,NA
Polynesia,2010,32,8.4,81.2,0.6599999999999999,0.32,0.32999999999999996,104,NA
Polynesia,2015,30.9,9.6,82.4,0.6699999999999999,0.32999999999999996,0.33999999999999997,103.1,8
Polynesia,2019,29.6,10.8,84,0.6799999999999999,0.33999999999999997,0.33999999999999997,102.9,8
Polynesia,2021,29,11.5,85.1,0.69,0.33999999999999997,0.35,102.8,NA
Portugal,2010,15,24.7,115.7,10.6,5.53,5.07,91.8,NA
Portugal,2015,14.1,27,113.2,10.370000000000001,5.46,4.91,90,92
Portugal,2019,13.3,28.9,111.7,10.229999999999999,5.39,4.84,89.7,92
Portugal,2021,12.9,29.8,111,10.17,5.359999999999999,4.81,89.8,NA
Puerto Rico,2010,20.6,18.3,403.6,3.58,1.86,1.72,92.4,NA
Puerto Rico,2015,18.6,21.3,381.2,3.38,1.76,1.62,91.7,9
Puerto Rico,2019,16.3,26.2,330.7,2.9299999999999997,1.54,1.3900000000000001,90.3,9
Puerto Rico,2021,14.9,28.2,318.9,2.8299999999999996,1.49,1.34,89.9,NA
Qatar,2010,12.9,1.6,159.9,1.86,0.44,1.42,324.8,NA
Qatar,2015,13.4,2.2,221,2.57,0.62,1.95,316.9,12
Qatar,2019,13.6,3.3,243.9,2.8299999999999996,0.7,2.13,305.4,12
Qatar,2021,13.7,3.9,252.4,2.9299999999999997,0.73,2.2,299.3,NA
Republic of Korea,2010,16.1,15.3,509.6,49.55,24.72,24.82,100.4,NA
Republic of Korea,2015,13.8,18.3,522.7,50.82,25.36,25.47,100.4,100
Republic of Korea,2019,12.7,22.1,526.8,51.230000000000004,25.58,25.650000000000002,100.3,100
Republic of Korea,2021,12.3,24.2,527.7,51.309999999999995,25.630000000000003,25.68,100.2,NA
Republic of Moldova,2010,16.5,14.1,124.4,4.09,2.12,1.96,92.6,NA
Republic of Moldova,2015,15.8,16.5,123.9,4.07,2.11,1.96,92.5,34
Republic of Moldova,2019,15.9,18.4,123.1,4.04,2.11,1.94,92,34
Republic of Moldova,2021,15.8,19.5,122.5,4.02,2.1,1.93,91.8,NA
Romania,2010,15.8,21.3,88.9,20.47,10.53,9.94,94.4,NA
Romania,2015,15.5,23.8,86.6,19.93,10.229999999999999,9.7,94.9,238
Romania,2019,15.6,25.7,84.1,19.36,9.950000000000001,9.42,94.7,238
Romania,2021,15.5,26,83.1,19.130000000000003,9.83,9.3,94.6,NA
Russian Federation,2010,14.9,18,8.8,143.48000000000002,76.94000000000001,66.54,86.5,NA
Russian Federation,2015,16.9,20,8.9,144.99,77.81,67.16999999999999,86.3,17098
Russian Federation,2019,18.2,22,8.9,145.87,78.27,67.6,86.4,17098
Russian Federation,2021,18.5,22.9,8.9,145.91,78.27,67.64,86.4,NA
Rwanda,2010,41.5,4.1,406.9,10.04,5.119999999999999,4.92,96.1,NA
Rwanda,2015,40.6,4.5,460.8,11.370000000000001,5.79,5.58,96.5,26
Rwanda,2019,39.8,5,511.8,12.629999999999999,6.42,6.21,96.7,26
Rwanda,2021,39.2,5.3,538.2,13.28,6.75,6.53,96.7,NA
Réunion,2010,25.4,12.2,332.2,0.8300000000000001,0.43000000000000005,0.4,93.9,NA
Réunion,2015,24.3,15.3,345.3,0.8600000000000001,0.45,0.42000000000000004,93.9,3
Réunion,2019,22.8,17.6,355.6,0.89,0.46,0.43000000000000005,93.8,3
Réunion,2021,22,18.9,360.7,0.9,0.47000000000000003,0.44,93.8,NA
Saint Barthélemy,2010,NA,NA,419.7,0.01,NA,NA,NA,NA
Saint Barthélemy,2015,NA,NA,440.7,0.01,NA,NA,NA,NA
Saint Barthélemy,2021,NA,NA,450.4,0.01,NA,NA,NA,NA
Saint Helena,2010,NA,NA,13.3,0.01,NA,NA,NA,NA
Saint Helena,2015,NA,NA,15,0.01,NA,NA,NA,0
Saint Helena,2019,NA,NA,15.5,0.01,NA,NA,NA,0
Saint Helena,2021,NA,NA,15.6,0.01,NA,NA,NA,NA
Saint Kitts and Nevis,2010,NA,NA,188.5,0.05,NA,NA,NA,NA
Saint Kitts and Nevis,2015,NA,NA,196.9,0.05,NA,NA,NA,0
Saint Kitts and Nevis,2019,NA,NA,203.2,0.05,NA,NA,NA,0
Saint Kitts and Nevis,2021,NA,NA,205.9,0.05,NA,NA,NA,NA
Saint Lucia,2010,23.2,11.9,285.4,0.17,0.09,0.09,96.9,NA
Saint Lucia,2015,19.8,12.9,293.7,0.18,0.09,0.09,97,1
Saint Lucia,2019,18.2,14.4,299.7,0.18,0.09,0.09,97,1
Saint Lucia,2021,17.7,15.4,302.3,0.18,0.09,0.09,97,NA
Saint Martin (French part),2010,NA,NA,709.1,0.04,NA,NA,NA,NA
Saint Martin (French part),2015,NA,NA,676.7,0.04,NA,NA,NA,NA
Saint Martin (French part),2021,NA,NA,740.4,0.04,NA,NA,NA,NA
Saint Pierre and Miquelon,2010,NA,NA,27.7,0.01,NA,NA,NA,NA
Saint Pierre and Miquelon,2015,NA,NA,26.1,0.01,NA,NA,NA,0
Saint Pierre and Miquelon,2019,NA,NA,25.3,0.01,NA,NA,NA,0
Saint Pierre and Miquelon,2021,NA,NA,25.1,0.01,NA,NA,NA,NA
Saint Vincent & Grenadines,2010,25.8,11.3,277.6,0.11,0.05,0.06,103.7,NA
Saint Vincent & Grenadines,2015,23.7,13.2,279.8,0.11,0.05,0.06,103.8,0
Saint Vincent & Grenadines,2019,22.2,14.3,283.6,0.11,0.05,0.06,102.9,0
Saint Vincent & Grenadines,2021,21.6,15.1,285.3,0.11,0.05,0.06,102.5,NA
Samoa,2010,38.3,7.1,65.7,0.19,0.09,0.1,106.7,NA
Samoa,2015,38.8,7,68.4,0.19,0.09,0.1,107,3
Samoa,2019,37.9,7.8,69.6,0.2,0.1,0.1,107.3,3
Samoa,2021,37.1,8.2,70.7,0.2,0.1,0.1,107.3,NA
San Marino,2010,NA,NA,520.4,0.03,NA,NA,NA,NA
San Marino,2015,NA,NA,554.5,0.03,NA,NA,NA,0
San Marino,2019,NA,NA,564.4,0.03,NA,NA,NA,0
San Marino,2021,NA,NA,566.8,0.03,NA,NA,NA,NA
Sao Tome and Principe,2010,43.4,4.4,187.9,0.18,0.09,0.09,99.9,NA
Sao Tome and Principe,2015,43.3,4.5,207.7,0.2,0.1,0.1,100.1,1
Sao Tome and Principe,2019,42.1,4.9,224,0.22,0.11,0.11,100.2,1
Sao Tome and Principe,2021,41.3,5.1,232.7,0.22,0.11,0.11,100.2,NA
Saudi Arabia,2010,29.7,4.5,12.8,27.419999999999998,11.99,15.43,128.6,NA
Saudi Arabia,2015,25.8,5.2,14.8,31.72,13.68,18.04,131.9,2207
Saudi Arabia,2019,24.9,5.7,15.9,34.27,14.49,19.779999999999998,136.6,2207
Saudi Arabia,2021,24.5,6.2,16.4,35.339999999999996,14.9,20.439999999999998,137.1,NA
Senegal,2010,43.5,4.8,65.9,12.68,6.51,6.17,94.9,NA
Senegal,2015,43.5,4.8,75.7,14.58,7.49,7.09,94.7,197
Senegal,2019,42.8,4.8,84.6,16.3,8.350000000000001,7.95,95.2,197
Senegal,2021,42.3,4.8,89.3,17.2,8.8,8.4,95.4,NA
Serbia,2010,17.3,21.1,102.8,8.99,4.58,4.41,96.1,NA
Serbia,2015,16.2,24.3,101.5,8.88,4.53,4.35,96.1,88
Serbia,2019,15.5,25.2,100.3,8.77,4.470000000000001,4.3,96,88
Serbia,2021,15.2,25.5,99.4,8.7,4.44,4.26,96,NA
Seychelles,2010,22.8,9.9,198.4,0.09,0.04,0.05,106.6,NA
Seychelles,2015,23.2,10.8,206.5,0.1,0.05,0.05,106,0
Seychelles,2019,23.7,12.5,212.5,0.1,0.05,0.05,105.5,0
Seychelles,2021,23.7,13.5,215,0.1,0.05,0.05,105.1,NA
Sierra Leone,2010,43,4.8,88.9,6.42,3.22,3.19,99.1,NA
Sierra Leone,2015,41.9,4.7,99.4,7.17,3.6,3.57,99.3,72
Sierra Leone,2019,40.7,4.6,108.2,7.81,3.9099999999999997,3.9,99.6,72
Sierra Leone,2021,40,4.7,112.8,8.139999999999999,4.08,4.06,99.7,NA
Singapore,2010,14,12.7,7330.2,5.13,2.46,2.68,108.9,NA
Singapore,2015,12.6,15.7,7988.8,5.59,2.67,2.9299999999999997,109.8,1
Singapore,2019,12.3,19.9,8291.9,5.8,2.77,3.04,109.8,1
Singapore,2021,12.4,21.9,8423.8,5.9,2.8099999999999996,3.09,109.8,NA
Sint Maarten (Dutch part),2010,NA,NA,1004.9,0.03,NA,NA,NA,NA
Sint Maarten (Dutch part),2015,NA,NA,1175.5,0.04,NA,NA,NA,0
Sint Maarten (Dutch part),2019,NA,NA,1246.7,0.04,NA,NA,NA,0
Sint Maarten (Dutch part),2021,NA,NA,1277.1,0.04,NA,NA,NA,NA
Slovakia,2010,15.3,17.8,112.4,5.4,2.7800000000000002,2.62,94.2,NA
Slovakia,2015,15.3,20.7,113,5.44,2.79,2.64,94.5,49
Slovakia,2019,15.5,22.8,113.5,5.46,2.8,2.66,94.9,49
Slovakia,2021,15.6,23.8,113.6,5.46,2.8,2.66,94.9,NA
Slovenia,2010,14,22.2,101.5,2.04,1.03,1.01,98.2,NA
Slovenia,2015,14.7,25.1,102.8,2.07,1.04,1.03,98.8,20
Slovenia,2019,15.1,27.2,103.2,2.08,1.04,1.03,99.1,20
Slovenia,2021,15.1,28.2,103.2,2.08,1.04,1.04,99.3,NA
Solomon Islands,2010,40.8,5.1,18.9,0.53,0.26,0.27,103.3,NA
Solomon Islands,2015,40.4,5.3,21.5,0.6,0.3,0.31,103.4,29
Solomon Islands,2019,40.1,5.5,23.9,0.6699999999999999,0.32999999999999996,0.33999999999999997,103.4,29
Solomon Islands,2021,39.9,5.7,25.2,0.7,0.35,0.36,103.5,NA
Somalia,2010,48.2,4.4,19.2,12.04,6.03,6.02,99.8,NA
Somalia,2015,47.2,4.5,22,13.8,6.91,6.88,99.5,638
Somalia,2019,46.4,4.5,24.6,15.44,7.74,7.7,99.5,638
Somalia,2021,46,4.6,26.1,16.36,8.2,8.16,99.4,NA
South Africa,2010,29.7,7.2,42.2,51.220000000000006,25.95,25.27,97.4,NA
South Africa,2015,29.3,7.9,45.7,55.39,28.05,27.34,97.5,1221
South Africa,2019,29,8.4,48.3,58.56,29.7,28.86,97.2,1221
South Africa,2021,28.6,8.7,49.5,60.04,30.479999999999997,29.56,97,NA
South America,2010,26.5,10.4,22.5,392.54,198.76,193.79,97.5,NA
South America,2015,24.4,11.9,23.6,412.36,209.07,203.29,97.2,17832
South America,2019,22.9,13.3,24.5,427.2,216.82000000000002,210.38000000000002,97,17461
South America,2021,22.4,14.1,24.9,434.26,220.49,213.76999999999998,96.9,NA
South Sudan,2010,43.5,5.2,15.6,9.51,4.76,4.75,99.9,NA
South Sudan,2015,42.5,5.1,17.5,10.719999999999999,5.359999999999999,5.359999999999999,100.1,659
South Sudan,2017,42.1,5.1,17.9,10.91,5.45,5.46,100.2,659
South Sudan,2021,41.1,5.2,18.6,11.38,5.68,5.7,100.2,NA
South-central Asia,2010,31.6,7.5,171.9,1775.36,858.9,916.4599999999999,106.7,NA
South-central Asia,2015,29.5,8.4,183.6,1896.33,918.8299999999999,977.5,106.4,10791
South-central Asia,2019,28,9.2,192.8,1991.42,965.6800000000001,1025.74,106.2,10327
South-central Asia,2021,27.2,9.7,197.3,2037.7,988.37,1049.33,106.2,NA
South-eastern Asia,2010,27.9,8.1,137.5,596.9499999999999,298.6,298.34000000000003,99.9,NA
South-eastern Asia,2015,26.5,9.4,146.1,634.31,317.35,316.95,99.9,4495
South-eastern Asia,2019,25.4,10.8,152.5,662.01,331.34000000000003,330.67,99.8,4341
South-eastern Asia,2021,24.9,11.5,155.5,675.12,337.98999999999995,337.13,99.7,NA
Southern Africa,2010,30.5,7,22,58.379999999999995,29.650000000000002,28.74,96.9,NA
Southern Africa,2015,30.1,7.7,23.8,62.99,31.959999999999997,31.02,97.1,2675
Southern Africa,2019,29.7,8.2,25.1,66.63,33.839999999999996,32.790000000000006,96.9,2651
Southern Africa,2021,29.3,8.4,25.8,68.36,34.730000000000004,33.63,96.8,NA
Southern Asia,2010,31.7,7.5,267.6,1712.56,827.11,885.4399999999999,107.1,NA
Southern Asia,2015,29.5,8.4,285.6,1827.85,884.22,943.63,106.7,6688
Southern Asia,2017,28.6,8.8,292.7,1873.24,906.61,966.63,106.6,6688
Southern Asia,2021,27.1,9.7,306.6,1962.27,950.3,1011.97,106.5,NA
Southern Europe,2010,14.9,24,118.2,153.02,78.26,74.75,95.5,NA
Southern Europe,2015,14.5,25.8,118.2,153.06,78.4,74.66,95.2,1317
Southern Europe,2019,14,27.4,117.7,152.45000000000002,78,74.45,95.5,1295
Southern Europe,2021,13.7,28.4,117.3,151.95000000000002,77.67999999999999,74.26,95.6,NA
Spain,2010,14.8,22.2,94.1,46.93,23.73,23.2,97.7,NA
Spain,2015,14.9,24,93.6,46.67,23.759999999999998,22.919999999999998,96.5,506
Spain,2019,14.6,25.7,93.7,46.74,23.779999999999998,22.959999999999997,96.6,506
Spain,2021,14.2,26.8,93.7,46.75,23.77,22.979999999999997,96.7,NA
Sri Lanka,2010,25.4,11.9,323.1,20.259999999999998,10.4,9.870000000000001,94.9,NA
Sri Lanka,2015,24.8,14,333.4,20.91,10.83,10.08,93.1,66
Sri Lanka,2019,24,15.9,340,21.32,11.09,10.229999999999999,92.3,66
Sri Lanka,2021,23.4,16.9,342.8,21.5,11.2,10.3,92,NA
State of Palestine,2010,42.3,4.4,673.7,4.06,2,2.06,103,NA
State of Palestine,2015,39.9,4.6,752.4,4.53,2.23,2.3,103,6
State of Palestine,2019,38.6,4.8,827.5,4.98,2.46,2.53,102.9,6
State of Palestine,2021,38,5.1,867.6,5.22,2.57,2.65,102.9,NA
Sub-Saharan Africa,2010,43.8,4.6,38.2,836.3599999999999,419.97999999999996,416.39,99.1,NA
Sub-Saharan Africa,2015,43.2,4.6,43.8,958.58,480.74,477.84000000000003,99.4,22431
Sub-Saharan Africa,2019,42.3,4.7,48.7,1066.28,534.25,532.04,99.6,21879
Sub-Saharan Africa,2021,41.8,4.8,51.3,1122.85,562.38,560.47,99.7,NA
Sudan,2010,43,5.1,19.6,34.55,17.310000000000002,17.23,99.5,NA
Sudan,2015,41.5,5.4,22,38.9,19.479999999999997,19.419999999999998,99.7,NA
Sudan,2021,39.5,5.7,25.4,44.91,22.47,22.439999999999998,99.9,NA
Suriname,2010,29.4,9.1,3.4,0.53,0.26,0.27,101.5,NA
Suriname,2015,27.9,9.7,3.6,0.56,0.28,0.28,101.3,164
Suriname,2019,26.9,10.5,3.7,0.58,0.29000000000000004,0.29000000000000004,101.1,164
Suriname,2021,26.4,11.2,3.8,0.59,0.29000000000000004,0.3,101,NA
Sweden,2010,16.5,24.9,22.9,9.39,4.71,4.68,99.2,NA
Sweden,2015,17.3,25.2,23.8,9.76,4.88,4.88,99.9,439
Sweden,2019,17.6,25.8,24.5,10.04,5.01,5.03,100.3,439
Sweden,2021,17.7,26.1,24.8,10.16,5.07,5.09,100.4,NA
Switzerland,2010,15.1,22.8,197.6,7.81,3.96,3.8499999999999996,97,NA
Switzerland,2015,14.8,23.5,210,8.3,4.1899999999999995,4.109999999999999,98,41
Switzerland,2019,14.9,24.8,217.4,8.59,4.33,4.26,98.4,41
Switzerland,2021,15,25.8,220.6,8.719999999999999,4.39,4.33,98.5,NA
Syrian Arab Republic,2010,37.4,5,116.3,21.36,10.58,10.79,102,NA
Syrian Arab Republic,2015,33.1,6.3,98,18,8.93,9.07,101.5,185
Syrian Arab Republic,2019,31.1,7.3,93,17.07,8.52,8.55,100.5,185
Syrian Arab Republic,2021,30.7,7.6,99.5,18.279999999999998,9.139999999999999,9.139999999999999,100.1,NA
Tajikistan,2010,35.7,4.8,53.8,7.53,3.73,3.8,101.8,NA
Tajikistan,2015,35.8,4.8,60.4,8.450000000000001,4.1899999999999995,4.2700000000000005,101.8,143
Tajikistan,2019,37.1,5.5,66.6,9.32,4.619999999999999,4.7,101.6,143
Tajikistan,2021,37.4,6,69.7,9.75,4.84,4.91,101.5,NA
Thailand,2010,19.2,12.9,131.5,67.2,34.260000000000005,32.93,96.1,NA
Thailand,2015,18,15.7,134.5,68.71000000000001,35.160000000000004,33.56,95.5,513
Thailand,2019,16.8,18.5,136.3,69.63,35.720000000000006,33.9,94.9,513
Thailand,2021,16.3,20,136.9,69.95,35.93,34.02,94.7,NA
Timor-Leste,2010,42.5,6.3,73.5,1.09,0.54,0.55,102.2,NA
Timor-Leste,2015,39.5,6.3,80.5,1.2,0.59,0.6,102.2,15
Timor-Leste,2019,37.3,6.5,87,1.29,0.64,0.65,102.2,15
Timor-Leste,2021,36.6,6.6,90.4,1.34,0.6599999999999999,0.6799999999999999,102.1,NA
Togo,2010,42.8,4.4,118.1,6.42,3.24,3.19,98.4,NA
Togo,2015,42.1,4.5,134.6,7.319999999999999,3.68,3.64,98.8,57
Togo,2019,41,4.7,148.6,8.08,4.06,4.02,99,57
Togo,2021,40.3,4.7,155.9,8.48,4.26,4.22,99.1,NA
Tokelau,2010,NA,NA,112.9,0,NA,NA,NA,NA
Tokelau,2015,NA,NA,124.7,0,NA,NA,NA,0
Tokelau,2019,NA,NA,133,0,NA,NA,NA,0
Tokelau,2021,NA,NA,136.8,0,NA,NA,NA,NA
Tonga,2010,37.4,7.9,144.4,0.1,0.05,0.05,100.5,NA
Tonga,2015,36.4,8.7,140,0.1,0.05,0.05,99.9,1
Tonga,2019,35.1,8.7,145.1,0.1,0.05,0.05,100.1,1
Tonga,2021,34.4,8.8,148.3,0.11,0.05,0.05,100.2,NA
"Total, all countries or areas",2010,27,11,53.5,6956.820000000001,3449.12,3507.7,101.7,NA
"Total, all countries or areas",2015,26.2,12.2,56.7,7379.8,3659.1,3720.7,101.7,136162
"Total, all countries or areas",2019,25.6,13.2,59.3,7713.469999999999,3824.4300000000003,3889.03,101.7,130094
"Total, all countries or areas",2021,25.3,13.7,60.5,7874.969999999999,3904.73,3970.24,101.7,NA
Trinidad and Tobago,2010,20.7,12.4,258.9,1.33,0.6699999999999999,0.6599999999999999,98.1,NA
Trinidad and Tobago,2015,20.7,14.5,267.1,1.37,0.69,0.6799999999999999,97.8,5
Trinidad and Tobago,2019,20.3,16.4,271.9,1.4,0.71,0.69,97.6,5
Trinidad and Tobago,2021,19.8,17.5,273.6,1.4,0.71,0.69,97.4,NA
Tunisia,2010,23.3,10.4,68.5,10.639999999999999,5.33,5.3,99.5,NA
Tunisia,2015,23.8,11.8,72,11.18,5.64,5.54,98.3,164
Tunisia,2019,24.2,13.1,75.3,11.69,5.9,5.8,98.3,164
Tunisia,2021,24.2,13.8,76.8,11.94,6.02,5.92,98.4,NA
Turkey,2010,26.9,10.4,94,72.33,36.760000000000005,35.56,96.7,NA
Turkey,2015,25.6,11.5,102,78.53,39.879999999999995,38.65,96.9,784
Turkey,2019,24.3,12.7,108.4,83.43,42.260000000000005,41.17,97.4,784
Turkey,2021,23.6,13.5,110.5,85.04,43.06,41.98,97.5,NA
Turkmenistan,2010,29.5,6.1,10.8,5.09,2.58,2.5,96.8,NA
Turkmenistan,2015,30.4,6.8,11.8,5.57,2.8299999999999996,2.74,97,488
Turkmenistan,2019,30.8,7.8,12.6,5.94,3.02,2.9299999999999997,97,488
Turkmenistan,2021,30.6,8.4,13,6.119999999999999,3.11,3.01,97,NA
Turks and Caicos Islands,2010,NA,NA,34.4,0.03,NA,NA,NA,NA
Turks and Caicos Islands,2015,NA,NA,37.9,0.04,NA,NA,NA,1
Turks and Caicos Islands,2019,NA,NA,40.2,0.04,NA,NA,NA,1
Turks and Caicos Islands,2021,NA,NA,41.3,0.04,NA,NA,NA,NA
Tuvalu,2010,NA,NA,350.7,0.01,NA,NA,NA,NA
Tuvalu,2015,NA,NA,370,0.01,NA,NA,NA,0
Tuvalu,2019,NA,NA,388.5,0.01,NA,NA,NA,0
Tuvalu,2021,NA,NA,397.5,0.01,NA,NA,NA,NA
Uganda,2010,49.1,3,162.3,32.43,16.51,15.91,96.4,NA
Uganda,2015,48,3.1,191.3,38.230000000000004,19.45,18.779999999999998,96.5,242
Uganda,2019,46.5,3.2,221.6,44.27,22.459999999999997,21.810000000000002,97.1,242
Uganda,2021,45.5,3.3,235.8,47.120000000000005,23.88,23.24,97.3,NA
Ukraine,2010,14.1,21,79,45.790000000000006,24.66,21.14,85.7,NA
Ukraine,2015,15.3,22.2,77.5,44.92,24.14,20.779999999999998,86.1,604
Ukraine,2019,15.9,23.4,75.9,43.99,23.610000000000003,20.38,86.3,604
Ukraine,2021,15.9,24,75,43.47,23.32,20.14,86.4,NA
United Arab Emirates,2010,13.2,1.4,102.3,8.55,2.15,6.4,296.9,NA
United Arab Emirates,2015,14.2,1.8,110.8,9.26,2.74,6.52,237.8,84
United Arab Emirates,2019,14.7,2.8,116.9,9.77,3,6.7700000000000005,225.3,71
United Arab Emirates,2021,14.9,3.6,119.5,9.99,3.1,6.89,222,NA
United Kingdom,2010,17.5,22.6,262.3,63.46,32.28,31.18,96.6,NA
United Kingdom,2015,17.6,23.3,272.2,65.86,33.4,32.46,97.2,242
United Kingdom,2019,17.7,24.1,279.1,67.53,34.18,33.349999999999994,97.6,242
United Kingdom,2021,17.6,24.7,281.9,68.21000000000001,34.49,33.720000000000006,97.8,NA
United Rep. of Tanzania,2010,44.9,4,50.1,44.349999999999994,22.23,22.12,99.5,NA
United Rep. of Tanzania,2015,44.7,4,58.1,51.48,25.79,25.7,99.6,947
United Rep. of Tanzania,2019,43.8,4.2,65.5,58.01,29.02,28.979999999999997,99.8,947
United Rep. of Tanzania,2021,43.3,4.3,69.4,61.5,30.759999999999998,30.74,99.9,NA
United States of America,2010,20.2,18.4,33.8,309.01,156.4,152.60999999999999,97.6,NA
United States of America,2015,19.2,20.5,35.1,320.88,162.17,158.70999999999998,97.9,9834
United States of America,2019,18.5,22.4,36,329.06,166.23999999999998,162.83,97.9,9834
United States of America,2021,18.2,23.3,36.4,332.91999999999996,168.19,164.73,97.9,NA
United States Virgin Islands,2010,20.7,20.4,303.1,0.11,0.06,0.05,91.8,NA
United States Virgin Islands,2015,20.3,24.1,299.9,0.11,0.05,0.05,91,0
United States Virgin Islands,2019,19.5,26.9,298.8,0.1,0.05,0.05,90.6,0
United States Virgin Islands,2021,18.9,28.3,297.8,0.1,0.05,0.05,90.4,NA
Uruguay,2010,22.2,18.5,19.2,3.36,1.74,1.62,93,NA
Uruguay,2015,21.1,19.2,19.5,3.4099999999999997,1.77,1.6500000000000001,93.2,174
Uruguay,2019,20.5,20,19.8,3.46,1.79,1.6700000000000002,93.4,174
Uruguay,2021,20.2,20.5,19.9,3.4899999999999998,1.8,1.6800000000000002,93.6,NA
Uzbekistan,2010,29.1,6.2,67,28.52,14.33,14.18,98.9,NA
Uzbekistan,2015,28.4,6.9,72.7,30.93,15.52,15.41,99.3,449
Uzbekistan,2019,28.8,8,77.5,32.98,16.53,16.45,99.5,449
Uzbekistan,2021,28.7,8.6,79.8,33.94,17,16.93,99.6,NA
Vanuatu,2010,38.2,5.7,19.4,0.24000000000000002,0.12000000000000001,0.12000000000000001,103.1,NA
Vanuatu,2015,39.1,5.7,22.2,0.27,0.13,0.14,103,12
Vanuatu,2019,38.7,5.8,24.6,0.3,0.15000000000000002,0.15000000000000002,102.8,12
Vanuatu,2021,38.2,5.9,25.8,0.31,0.16,0.16,102.7,NA
Venezuela (Boliv. Rep. of),2010,29.9,8.4,32.2,28.439999999999998,14.25,14.19,99.6,NA
Venezuela (Boliv. Rep. of),2015,28.4,9.6,34.1,30.08,15.129999999999999,14.950000000000001,98.8,912
Venezuela (Boliv. Rep. of),2019,27.4,11.6,32.3,28.52,14.47,14.05,97.1,930
Venezuela (Boliv. Rep. of),2021,26.5,12.4,32.5,28.7,14.59,14.11,96.7,NA
Viet Nam,2010,23.6,8.8,283.7,87.97,44.220000000000006,43.75,98.9,NA
Viet Nam,2015,23,10.2,298.9,92.67999999999999,46.48,46.2,99.4,331
Viet Nam,2019,23.2,11.9,311.1,96.46000000000001,48.309999999999995,48.15,99.7,331
Viet Nam,2021,23.2,12.8,316.6,98.16999999999999,49.15,49.02,99.7,NA
Wallis and Futuna Islands,2010,NA,NA,90.6,0.01,NA,NA,NA,NA
Wallis and Futuna Islands,2015,NA,NA,87.6,0.01,NA,NA,NA,0
Wallis and Futuna Islands,2019,NA,NA,81.7,0.01,NA,NA,NA,0
Wallis and Futuna Islands,2021,NA,NA,79.2,0.01,NA,NA,NA,NA
Western Africa,2010,44.2,4.5,50.6,307.04,152.89000000000001,154.15,100.8,NA
Western Africa,2015,44,4.5,58,351.71999999999997,174.91,176.81,101.1,6138
Western Africa,2019,43.4,4.5,64.6,391.44,194.45000000000002,196.99,101.3,6064
Western Africa,2021,42.9,4.6,68,412.46,204.8,207.66,101.4,NA
Western Asia,2010,31.1,7.3,48.4,232.43,111.57,120.86,108.3,NA
Western Asia,2015,29.3,7.9,53.6,257.66,123.3,134.36,109,4831
Western Asia,2019,28.3,8.6,57.3,275.32,131.19,144.14,109.9,4805
Western Asia,2021,27.9,9.1,59.1,283.98999999999995,135.26,148.73,110,NA
Western Europe,2010,15.9,24.3,173.4,188.13,96.16,91.96000000000001,95.6,NA
Western Europe,2015,15.6,25.8,177.1,192.08,97.98,94.1,96,1108
Western Europe,2019,15.6,27,180.2,195.52,99.5,96.02,96.5,1085
Western Europe,2021,15.6,27.8,181.2,196.6,99.96000000000001,96.64,96.7,NA
Western Sahara,2010,29.4,3.8,1.8,0.48000000000000004,0.23,0.25,111.2,NA
Western Sahara,2015,28.5,4.8,2,0.53,0.25,0.28,110.5,266
Western Sahara,2019,27.4,6,2.2,0.58,0.28,0.3,109.7,266
Western Sahara,2021,26.9,6.6,2.3,0.61,0.29000000000000004,0.32,109.4,NA
Yemen,2010,42.7,4.3,43.9,23.150000000000002,11.48,11.67,101.6,NA
Yemen,2015,40.7,4.4,50.2,26.5,13.139999999999999,13.360000000000001,101.6,528
Yemen,2019,39.2,4.6,55.2,29.16,14.47,14.69,101.5,528
Yemen,2021,38.4,4.7,57.8,30.49,15.129999999999999,15.360000000000001,101.5,NA
Zambia,2010,47.3,3.3,18.3,13.61,6.89,6.72,97.5,NA
Zambia,2015,46.2,3.3,21.4,15.88,8.02,7.859999999999999,97.9,753
Zambia,2019,44.5,3.4,24,17.86,9.02,8.84,98.1,753
Zambia,2021,43.6,3.5,25.5,18.919999999999998,9.55,9.370000000000001,98.1,NA
Zimbabwe,2010,41.6,4.4,32.8,12.7,6.6499999999999995,6.05,91,NA
Zimbabwe,2015,42.6,4.4,35.7,13.81,7.25,6.57,90.7,391
Zimbabwe,2019,42.2,4.6,37.9,14.65,7.659999999999999,6.98,91.1,391
Zimbabwe,2021,41.3,4.7,39,15.09,7.89,7.21,91.4,NA
